Grant,Recipient,Amount,Date,Link to grant description,Topics,Funders,Countries
"Increasing Vaccination Uptake in Underserved Communities in the Sankuru Province, Democratic Republic of Congo",Corona Management Systems Health and Rural Development Foundation,$7215884,2026-07-28,,Vaccines,All Grants Fund,Democratic Republic of the Congo
Increasing Vaccination Uptake in Underserved Communities in the Kasai Province of the Democratic Republic of Congo,Bluesquare SA,$8819126,2026-07-28,,Vaccines,All Grants Fund,Democratic Republic of the Congo
Seasonal Malaria Chemoprevention Coverage Surveys,ORB International Limited,$1124850,2026-07-24,,"Insecticide-treated nets (ITNs),Seasonal malaria chemoprevention (SMC)",Board Designated,"Burkina Faso,Chad,Mali,Niger"
Livestreaming the American Society of Tropical Medicine and Hygiene Annual Meeting,American Society of Tropical Medicine and Hygiene,$100000,2026-07-21,,Malaria,Board Designated,
Scoping for Insecticide-Treated Net Campaign in Nigeria,Catholic Relief Services - United States Conference of Catholic Bishops,$16714,2026-07-21,,"Malaria,Insecticide-treated nets (ITNs)",All Grants Fund,Nigeria
Development of Freely Available Resources to Support In-line Chlorination Implementation,Mangrove Water,$286714,2026-07-09,,Water,Board Designated,
Scoping Domestic and International Expansion of Wheat Flour Fortifications,Fortification Foundation,$50176,2026-07-07,,Nutrition,Board Designated,
Tuberculosis Data Analysis,Liverpool School of Tropical Medicine,$49500,2026-06-26,,Tuberculosis,All Grants Fund,
Evaluation of Uduma's Scale-Up of In-Line Chlorination Installation and Operations in Mali,The Aquaya Institute,$380884,2026-06-26,,Monitoring and evaluation,Board Designated,Mali
Scoping a Randomized Controlled Trial of an Ultra-Poor Graduation Program in Bangladesh,"BRAC USA, Inc.",$99811,2026-06-24,,"Livelihoods,Research",Board Designated,Bangladesh
"Building an Integrated Customer Relationship Management System to Unify Monitoring and Evaluation, Country, and Risk Data",Malaria Consortium,$2141760,2026-06-19,,Malaria,Board Designated,
Developing New Partnerships with Governments and Utilities to Scale In-line Chlorination,Mangrove Water,$949075,2026-06-18,,Water,Board Designated,
"Randomized Controlled Trial of Dimagi's Mother-Baby Wellness Program in Kaduna State, Nigeria",Dimagi Inc,$1284932,2026-06-16,,"""Maternal, neonatal, and child health""",All Grants Fund,Nigeria
Development and Manufacturing an Adapter for TuriTap In-line Chlorinators,Mangrove Water,$1150668,2026-06-12,,Water,All Grants Fund,
Community-Based Water Chlorination Programs,SafeStart Global Inc,$728195,2026-06-11,,"Chlorination,Water",Coefficient Giving,Nigeria
Vitamin A Supplementation in Nigeria,Nutrition International,$10389527,2026-06-10,,"Nutrition,Supplementation,Vitamin A supplementation (VAS)",All Grants Fund,Nigeria
Studying the Effect of R21 Malaria Vaccine,"Clinton Health Access Initiative, Inc.",$400000,2026-06-05,,"Malaria,Vaccines",All Grants Fund,"Burkina Faso,Uganda"
All-Cause Child Mortality Estimates (UN IGME),UNICEF USA,$2391920,2026-06-03,,Research,All Grants Fund,
"Data Collection for a Randomized Controlled Trial on a Village Savings and Loan-led Water Fund, Chlorine Dispensers, and Water Sanitation and Hygiene Sensitization in Uganda",The Aquaya Institute,$270764,2026-05-29,,"Research,Water",Board Designated,Uganda
Scale-up of In-line Chlorination in Mali,Uduma,$1374907,2026-05-27,,"Chlorination,Water",Board Designated,Mali
Randomized Controlled Trial of India’s Economic Inclusion Program in Telangana State,Institute for Financial Management and Research,$200000,2026-05-26,,Livelihoods,Board Designated,India
ITN Campaigns in DRC in 2027-2029,Against Malaria Foundation,$261056564,2026-05-25,https://www.givewell.org/research/grants/Against-Malaria-Foundation-ITN-Campaigns-in-DRC-in-2027-2029-May-2026,"Malaria,Insecticide-treated nets (ITNs)","Coefficient Giving,Top Charities Fund",Democratic Republic of the Congo
Oral Rehydration Solution and Zinc Distribution in Chad,Clear Solutions UK,$2120935,2026-05-21,,Oral rehydration solution (ORS),Coefficient Giving,Chad
Randomized Controlled Trial of Illiquid Cash Transfers in Burundi,"University of California, Berkeley",$101500,2026-05-19,,"Livelihoods,Research",Board Designated,Burundi
Randomized Controlled Trial of Lump Sum Program,GiveDirectly,$111502,2026-05-18,,"Livelihoods,Research",Board Designated,
Research Fund to Facilitate Generating Value of a Statistical Life Estimates,Massachusetts Institute of Technology,$900000,2026-05-15,,Research,All Grants Fund,
Seasonal Malaria Chemoprevention Campaign in Ghana,PATH,$1425219,2026-05-13,,Seasonal malaria chemoprevention (SMC),All Grants Fund,Ghana
Expansion of Vitamin A Supplementation in Mali,Helen Keller International,$881612,2026-05-13,,Vitamin A supplementation (VAS),Top Charities Fund,Mali
Survey Delivery Unit,Innovations for Poverty Action,$954000,2026-05-12,https://www.givewell.org/research/grants/Survey-Delivery-Units-Service-Contracts-with-IDinsight-and-IPA-July-2026,Monitoring and evaluation,Operating Funds,
Survey Delivery Unit,ID Insight Inc,$1113805,2026-05-12,https://www.givewell.org/research/grants/Survey-Delivery-Units-Service-Contracts-with-IDinsight-and-IPA-July-2026,Monitoring and evaluation,Operating Funds,
Vaccination Coverage Surveys in the Maniema Province of the Democratic Republic of Congo,Université de Kinshasa,$1564490,2026-05-11,,"Vaccines,Monitoring and evaluation",All Grants Fund,Democratic Republic of the Congo
"Vaccination Outreach in Maniema, DRC",Acasus AB Project Management Services - FZCO,$7686285,2026-04-30,,"Technical assistance,Vaccines",Board Designated,Democratic Republic of the Congo
Vitamin A Supplementation Coverage Surveys,Innovations for Poverty Action,$504481,2026-04-29,,"Nutrition,Oral rehydration solution (ORS),Supplementation,Vitamin A supplementation (VAS)",Board Designated,Nigeria
Dual-AI Nets Campaign Evaluation,Innovations for Poverty Action,$1141685,2026-04-28,,Malaria,Board Designated,Nigeria
Piped Water Installation,Water4 Inc,$5161013,2026-04-27,,Water,All Grants Fund,Sierra Leone
Lenacapavir for HIV Pre-Exposure Prophylaxis,"Clinton Health Access Initiative, Inc.",$4530813,2026-04-27,,HIV/AIDS,"All Grants Fund,Individual donor","Indonesia,Vietnam"
Validating Yield Effects of Raising the Village's Randomized Controlled Trial via Satellite Imagery and Remote Sensing,The Board of Trustees of the Leland Stanford Junior University,$38316,2026-04-24,,"Livelihoods,Research",Board Designated,Uganda
Scoping Long-Term Follow-Ups of Randomized Controlled Trials of Ultra-Poor Graduation Programs.,Innovations for Poverty Action,$57576,2026-04-23,,Research,Board Designated,
"Distribution Logistics for Family Planning Commodities in the Democratic Republic of Congo, Zambia, and Malawi",MSI US,$2321418,2026-04-20,,Family planning,Board Designated,"Democratic Republic of the Congo,Malawi,Zambia"
Layering of Oral Rehydration Solution and Zinc Distribution with Seasonal Malaria Chemoprevention in Nigeria,Clear Solutions UK,$239286,2026-04-17,,Oral rehydration solution (ORS),Coefficient Giving,Nigeria
Scoping for potential RCT of Zipline,ID Insight Inc,$52091,2026-04-16,,"Research,Vaccines",Board Designated,Nigeria
"Layering of Oral Rehydration Solution and Zinc Distribution with Maternal, Newborn, and Child Health Week in Nigeria",Clear Solutions UK,$151456,2026-04-16,,Oral rehydration solution (ORS),Coefficient Giving,Nigeria
Post Event Coverage Surveys to Evaluate Vitamin A Supplementation Coverage in Regions of the Democratic Republic of Congo,Helen Keller International,$406222,2026-04-14,,"Research,Vitamin A supplementation (VAS)",Board Designated,Democratic Republic of the Congo
Scoping a Randomized Controlled Trial of of Raising the Village's Bundled Agriculture Program in Uganda,International Initiative for Impact Evaluation (3ie),$20000,2026-04-10,,"Livelihoods,Research",Board Designated,Uganda
Research on Spatial Emanator Distribution in Burkina Faso and Sierra Leone,"Clinton Health Access Initiative, Inc.",$714490,2026-04-08,,"Malaria,Research",All Grants Fund,"Burkina Faso,Sierra Leone"
Vaccination Outreach in Salamat and Sila Provinces of Chad,International Rescue Committee,$3511707,2026-04-07,,Vaccines,All Grants Fund,Chad
Provision of Insecticide-Treated Nets to Protect Those at Risk from Malaria,Against Malaria Foundation,$9000000,2026-03-31,,Insecticide-treated nets (ITNs),Top Charities Fund,Democratic Republic of the Congo
Long-term Follow-up of A Pre-School Program in Mozambique,International Initiative for Impact Evaluation (3ie),$1109330,2026-03-31,,"Education,Livelihoods",All Grants Fund,Mozambique
Flood Risk and Revealed Health Preferences Study,"University of California, Berkeley",$66000,2026-03-31,,"Moral weights,Research",Board Designated,Sierra Leone
Health and Democracy Revealed Preferences Work,New York University,$60352,2026-03-31,,Research,Board Designated,Kenya
Pesticide Risk and Revealed Health Preferences Study,"University of California, Berkeley",$55611,2026-03-31,,"Agriculture,Research",Board Designated,India
Co-Delivery of Vitamin A Supplementation and Seasonal Malaria Chemoprevention in Nigeria,Malaria Consortium,$1203279,2026-03-30,,"Nutrition,Supplementation,Vitamin A supplementation (VAS)",All Grants Fund,Nigeria
Building and Testing Test Strips to Detect Chemical Contaminants in Drinking Water,The Aquaya Institute,$300980,2026-03-30,,Water,All Grants Fund,Kenya
Post Event Coverage Surveys to Evaluate Vitamin A Supplementation Coverage in Regions of Madagascar,Helen Keller International,$199806,2026-03-27,,Vitamin A supplementation (VAS),Board Designated,Madagascar
Vitamin A Supplementation in DRC,UNICEF USA,$526094,2026-03-27,,"Nutrition,Supplementation,Vitamin A supplementation (VAS)",All Grants Fund,Democratic Republic of the Congo
"Malnutrition Treatment in Katsina, Nigeria",ALIMA USA,$4729564,2026-03-27,,"Nutrition,Malnutrition","Board Designated,All Grants Fund,Individual donor",Nigeria
Community-Based Family Planning Program,Lafiya Nigeria Ltd.,$1000000,2026-03-26,,Family planning,Board Designated,Nigeria
Treatment Arm of a Randomized Controlled Trial of Grants and Facilitation Program in Malawi,Spark Microgrants,$2710052,2026-03-25,,"Cash transfers,Research",All Grants Fund,Malawi
Support early stage water innovations,Development Innovation Ventures Fund,$5000000,2026-03-25,,Water,Board Designated,
Bridge Grant for Vaccination Outreach RCT,Wageningen University,$125703,2026-03-24,,"Research,Vaccines",Board Designated,Sierra Leone
Evaluation of GiveWell-Funded Malnutrition Treatment Programs,ID Insight Inc,$695859,2026-03-20,,"Nutrition,Malnutrition,Monitoring and evaluation",Board Designated,Nigeria
Independent Seasonal Malaria Chemoprevention Coverage and Adherence Survey in Burkina Faso,ID Insight Inc,$713836,2026-03-16,,"Research,Seasonal malaria chemoprevention (SMC)",Board Designated,Burkina Faso
Electronic drug supply tracking (Open mSupply),"Clinton Health Access Initiative, Inc.",$3812005,2026-03-13,,Research,Board Designated,Laos
Predictive Model of Campaign Costs,"University of California, Berkeley",$219967,2026-03-13,,,Board Designated,
Planning for Potential Addition of Verbal Autopsy and Biomarker Collection Alongside the Multiple Indicator Cluster Survey in Côte d’Ivoire,University of Southern California,$31381,2026-03-05,,"Research,Monitoring and evaluation",Board Designated,Côte d’Ivoire
A Study to Validate Vitamin A Status Assessment Methods,Johns Hopkins University,$754047,2026-03-02,,"Research,Vitamin A supplementation (VAS)",All Grants Fund,Nigeria
Impact Evaluation of Fika's Bridge Building Program in Uganda,International Initiative for Impact Evaluation (3ie),$20000,2026-02-25,,Monitoring and evaluation,Board Designated,Uganda
Re-accreditation workshop for facilitators of the WHO microscopy competency assessment programme and replenish the WHO malaria slide bank,World Health Organization,$129724,2026-02-24,,Malaria,All Grants Fund,
"Vaccination Coverage Surveys, Kongo Central",Université de Kinshasa,$1421902,2026-02-20,,"Vaccines,Monitoring and evaluation",Board Designated,Democratic Republic of the Congo
Vaccination Coverage Surveys in Ethiopia,ORB International Limited,$841942,2026-02-19,,"Research,Vaccines",Board Designated,Ethiopia
RCT of Therapeutic Milk in Severe Acute Malnutrition Treatment,The Hospital for Sick Children,$1187827,2026-02-18,https://www.givewell.org/research/grants/Hospital-for-Sick-Children-RCT-of-F35-Therapeutic-Milk-for-Inpatient-Severe-Acute-Malnutrition-February-2026,"Nutrition,Malnutrition,Research",All Grants Fund,"Bangladesh,Kenya,Malawi,Uganda"
Evaluating Social and Behavior Change Interventions' Impact on Insecticide-treated Net Use in Nigerian Campaigns,Tropical Health Consulting LLP,$15691,2026-02-17,,"Malaria,Insecticide-treated nets (ITNs),Research",Board Designated,Nigeria
Estimating Subnational Populations in Four Countries,Atlas AI P.B.C.,$350000,2026-02-05,https://www.givewell.org/research/grants/Atlas-AI-Estimating-Subnational-Populations-in-Four-Countries-February-2026,Research,Operating Funds,"Burkina Faso,Cameroon,Democratic Republic of the Congo,Nigeria"
"Conduct vaccine coverage surveys in Kebbi, Nigeria",Innovations for Poverty Action,$1311747,2026-02-05,,Vaccines,All Grants Fund,Nigeria
HIV/Syphilis Dual Tests to Fill Commodity Gaps in the SAFEStart+ Program,PATH,$4925866,2026-01-30,,"HIV/AIDS,Syphilis","All Grants Fund,Individual donor","Democratic Republic of the Congo,Malawi,Nigeria,Senegal,Uganda"
"Acute Malnutrition Treatment in DRC, Niger, and Chad",International Rescue Committee,$8833269,2026-01-30,,"Nutrition,Malnutrition","All Grants Fund,Effektiv Spenden","Chad,Democratic Republic of the Congo,Niger"
Gap-filling fund for HIV testing and treatment in Sub-Saharan Africa,"Clinton Health Access Initiative, Inc.",$999796,2026-01-28,,HIV/AIDS,All Grants Fund,
Wheat Flour Fortification,Fortification Foundation,$10189220,2026-01-28,,"Nutrition,Fortification",Coefficient Giving,India
Analysis of an Oral Rehydration Solution and Zinc Delivery Intervention in Nigeria,University of Southern California,$66028,2026-01-27,,Oral rehydration solution (ORS),Board Designated,Nigeria
Performance-based Incentives for Vaccination in Ethiopia,Simprints Technology Limited,$2400043,2026-01-27,,Vaccines,Board Designated,Ethiopia
Vaccination Outreach,"Clinton Health Access Initiative, Inc.",$6052643,2026-01-22,,Vaccines,Coefficient Giving,Democratic Republic of the Congo
Insecticide-Treated Nets in Four Nigerian States,Malaria Consortium,$62555075,2026-01-21,,"Malaria,Insecticide-treated nets (ITNs)",Coefficient Giving,Nigeria
"Renewing Support for the Kangaroo Care Program at Bahraich Medical College in Uttar Pradesh, India","RICE Institute, Inc",$1659103,2026-01-16,,"""Maternal, neonatal, and child health""",All Grants Fund,India
Mobile Immunization Teams,PATH,$13666850,2026-01-12,,Vaccines,All Grants Fund,Nigeria
Malaria Vaccines Consultancy,World Health Organization,$199109,2026-01-08,,"Malaria,Vaccines",Board Designated,
Education RCT follow-ups,Coefficient Giving,$1850000,2025-12-19,,"Education,Research",Coefficient Giving,"Ghana,India,Uganda"
Medical ceramic oxygen device market scoping,PATH,$249990,2025-12-19,,Research,Board Designated,"India,Malawi,Nigeria"
Bridge Building Technical Assistance in Uganda and Rwanda,Fika (formerly Bridges to Prosperity),$6475000,2025-12-17,,"Infrastructure,Livelihoods,Technical assistance",Board Designated,"Rwanda,Uganda"
Vitamin A Supplementation,Helen Keller International,$33949777,2025-12-17,,"Nutrition,Vitamin A supplementation (VAS)","Top Charities Fund,All Grants Fund,RC Forward,Effective Altruism Australia,Effective Altruism New Zealand,Giv Effektivt","Burkina Faso,Cameroon,Democratic Republic of the Congo,Guinea,Madagascar,Mali,Niger,Nigeria"
Chemoprevention RCT in Malawi,Liverpool School of Tropical Medicine,$7101738,2025-12-12,,"Malaria,Research,Seasonal malaria chemoprevention (SMC)",Board Designated,Malawi
Monitoring and Evaluation for In-Line Chlorination and Dispensers for Safe Water Pilots,The Aquaya Institute,$807837,2025-12-05,,"Chlorination,Technical assistance,Water,Monitoring and evaluation",Board Designated,"Burkina Faso,Chad,Ethiopia,Madagascar,Nigeria,Somalia"
Survey on Quality of Fortified Rice Produced in Punjab,PATH,$760426,2025-12-04,,"Nutrition,Fortification,Research",Board Designated,India
General Support,New Incentives,$1000000,2025-12-04,,"Cash transfers,Conditional cash transfers (CCTs),Vaccines",Board Designated,Nigeria
Evaluation of GiveWell-Funded Malnutrition Treatment Programs (Design Phase),ID Insight Inc,$107000,2025-12-03,,"Nutrition,Malnutrition,Monitoring and evaluation",Board Designated,Nigeria
Dispensers for safe water pilot in Northern Nigeria,Dimagi Inc,$1069324,2025-12-03,,"Chlorination,Water",Board Designated,Nigeria
Community-Based Management of Acute Malnutrition in South Sudan,Amref Health Africa Inc,$862518,2025-12-02,,"Nutrition,Malnutrition",Board Designated,South Sudan
Water Quality Assurance Fund Data Collection and Scoping for New Countries,The Aquaya Institute,$508299,2025-12-02,,"Research,Water",Board Designated,Ghana
Monitoring & Evaluation for MSI Family Planning Mobile Outreach,Innovations for Poverty Action,$1201000,2025-12-01,,"Family planning,Monitoring and evaluation",Board Designated,"Nigeria,Sierra Leone"
Long-Lasting Insecticidal Nets in Côte d'Ivoire,Against Malaria Foundation,$24535490,2025-11-21,,"Malaria,Insecticide-treated nets (ITNs)","Top Charities Fund,All Grants Fund,Giv Effektivt",Côte d’Ivoire
Analyze Cash Transfer Spillover Effects,Northwestern University,$54148,2025-11-20,,"Cash transfers,Research,Unconditional cash transfers",Board Designated,
In-Line Chlorination Pilot in Burkina Faso,Solidarités International,$675410,2025-11-18,,"Chlorination,Water",Board Designated,Burkina Faso
Pilots of Program Variations That Could Be Above Our 6x Bar,GiveDirectly,$4611239,2025-11-14,https://www.givewell.org/research/grants/GiveDirectly-Pilots-of-Cash-Transfer-Program-Variations-November-2025,"Cash transfers,Research,Unconditional cash transfers","All Grants Fund,Individual donor","Malawi,Mozambique,Uganda"
Expansion of Malnutrition Treatment Programs in Northern Nigeria,International Medical Corps,$2250000,2025-11-12,,"Nutrition,Malnutrition",Board Designated,Nigeria
Malnutrition treatment in Nigeria,Helen Keller International,$2500000,2025-11-12,,"Nutrition,Malnutrition",Coefficient Giving,Nigeria
Malnutrition Treatment in Nigeria,Prèmiere Urgence Internationale,$2250000,2025-11-12,,"Nutrition,Malnutrition",Coefficient Giving,Nigeria
Interviews of Community Health Workers via CommCare Connect Chatbot,Dimagi Inc,$225000,2025-11-10,,Research,Board Designated,Nigeria
Implementation and RCT of Diarrhea Prevention and Treatment Program (WASHmobile),Johns Hopkins University,$9113391,2025-11-05,,"Chlorination,Oral rehydration solution (ORS),Research,Water",Coefficient Giving,"Democratic Republic of the Congo,South Sudan"
Malaria Commodities Fund,"Clinton Health Access Initiative, Inc.",$5000000,2025-10-31,,Malaria,All Grants Fund,
Procurement of Malaria Rapid Diagnostic Tests,"Clinton Health Access Initiative, Inc.",$204120,2025-10-29,,Malaria,All Grants Fund,Senegal
"Malnutrition Treatment in Mirriah and Dakoro, Niger and Ngouri, Chad",ALIMA USA,$4711130,2025-10-28,,"Nutrition,Malnutrition",All Grants Fund,"Chad,Niger"
"Survey of Net Usage, Coverage, and Malaria Burden",Marakuja Asbl,$223941,2025-10-28,,"Malaria,Insecticide-treated nets (ITNs),Research",All Grants Fund,Democratic Republic of the Congo
Evaluation of Evidence Action's In-Line Chlorination Program in India,The Aquaya Institute,$165750,2025-10-24,,"Chlorination,Water,Monitoring and evaluation",Board Designated,India
"Chlorine Dispensers Pilot in Tigray, Ethiopia",Catholic Relief Services - United States Conference of Catholic Bishops,$505420,2025-10-22,,"Chlorination,Water",Board Designated,Ethiopia
"Chlorine Dispensers Pilot in Kano, Nigeria",Self Help Africa Inc,$812302,2025-10-16,,"Chlorination,Water",Coefficient Giving,Nigeria
Iron and Folic Acid (IFA) Coverage Surveys,Evidence Action,$369038,2025-10-09,,"Nutrition,Iron,Supplementation",Board Designated,India
"Seasonal Malaria Chemoprevention in Borno State, Nigeria",Malaria Consortium,$6359008,2025-10-09,,"Malaria,Seasonal malaria chemoprevention (SMC)","Top Charities Fund,Effective Altruism Australia,Effective Altruism New Zealand,Giv Effektivt",Nigeria
Survey of Consumers of Fortify Health's Open-Market Fortified Wheat Flour,ID Insight Inc,$276986,2025-10-07,,"Nutrition,Fortification",Board Designated,India
Qualitative Surveys on the Closeout of IRD's mCCT Program,Acasus AG,$100725,2025-10-03,,"Cash transfers,Conditional cash transfers (CCTs),Research,Vaccines",Operating Funds,Pakistan
"Chlorine Dispensers Pilot, Katsina",Impact Water Foundation,$681279,2025-09-29,,"Chlorination,Water",Coefficient Giving,Nigeria
Procurement of Ready-to-Use Therapeutic Food in Northern Nigeria,Action Against Hunger USA,$1281869,2025-09-22,,"Nutrition,Malnutrition",All Grants Fund,Nigeria
Family Planning Mobile Outreach,MSI US,$6307053,2025-09-16,https://www.givewell.org/research/grants/MSI-Reproductive-Choices-Family-planning-mobile-outreach-programs-in-Nigeria-Sierra-Leone-Sep-2025,Family planning,"Board Designated,Individual donor","Nigeria,Sierra Leone"
Syphilis Screening and Treatment in Pregnancy in Côte d'Ivoire,Evidence Action,$8469315,2025-09-10,,"""Maternal, neonatal, and child health"",Syphilis,Technical assistance","All Grants Fund,Doneer Effectief",Côte d’Ivoire
Procurement of Artemisinin-Based Combination Therapies for Malaria,"Clinton Health Access Initiative, Inc.",$817954,2025-09-08,,Malaria,Effektiv Spenden,Malawi
Insecticide-Treated Net Durability Survey,Population Services International,$259820,2025-09-05,,"Malaria,Insecticide-treated nets (ITNs),Research",All Grants Fund,Nigeria
Pediatric Oxygen Systems Strengthening,"Clinton Health Access Initiative, Inc.",$480168,2025-09-03,,"""Maternal, neonatal, and child health""",All Grants Fund,Burkina Faso
"Iron and Folic Acid (IFA) Supplementation in Bihar and Uttar Pradesh, India",Evidence Action,$7795355,2025-08-21,,"Nutrition,Iron,Supplementation",Coefficient Giving,India
Annual Vaccination Coverage Surveys in South Sudan,Asante Research Institute L3C,$1749351,2025-08-20,,"Research,Vaccines",Board Designated,South Sudan
Beneficiary Survey,Innovations for Poverty Action,$281213,2025-08-20,,Research,All Grants Fund,Nigeria
Study of Vitamin A Fortification in Indonesia,Universität Basel,$9860,2025-08-20,https://www.givewell.org/research/grants/University-of-Basel-Scoping-the-Feasibility-of-Measuring-Under-5-Mortality-Effects-of-Vitamin-A-Fortification-Program-August-2025,"Fortification,Vitamin A supplementation (VAS)",Board Designated,Indonesia
Procurement of Injectable Artesunate,PATH,$553849,2025-08-15,,Malaria,Coefficient Giving,Mozambique
"Non-Net Costs for Insecticide-Treated Nets Campaign in Ituri, DRC in 2026",Against Malaria Foundation,$9627247,2025-08-15,https://www.givewell.org/research/grants/Against-Malaria-Foundation-Support-for-ITN-campaign-implementation-costs-in-Ituri-DRC-August-2025,"Malaria,Insecticide-treated nets (ITNs)","Top Charities Fund,All Grants Fund",Democratic Republic of the Congo
Subnational Cause-of-Death Estimates for Children in Nigeria,Johns Hopkins University,$545780,2025-08-15,https://www.givewell.org/research/grants/Johns-Hopkins-CA-CODE-Subnational-Cause-of-Death-Estimates-for-Children-in-Nigeria-August-2025,Research,Effective Altruism Funds,Nigeria
Azithromycin MDA Procurement,Gates Philanthropy Partners,$7130884,2025-08-13,,Antibiotics,All Grants Fund,Burkina Faso
Layering of Azithromycin Mass Drug Administration with Vitamin A Supplementation,Helen Keller International,$7125424,2025-08-13,,Antibiotics,"Coefficient Giving,Effektiv Spenden",Burkina Faso
Scoping Work for an RCT on Malaria Chemoprevention,Liverpool School of Tropical Medicine,$69050,2025-07-31,https://www.givewell.org/research/grants/Liverpool-School-of-Tropical-Medicine-Scoping-Work-for-an-RCT-on-Malaria-Chemoprevention-August-2025,"Malaria,Research,Seasonal malaria chemoprevention (SMC)",Board Designated,Malawi
Support for Travel Awards,American Society of Tropical Medicine and Hygiene,$60000,2025-07-26,https://www.givewell.org/research/grants/American-Society-of-Tropical-Medicine-and-Hygiene-Support-for-Travel-Awards-July-2025,Malaria,Board Designated,
Pilot Survey of Consumers of Fortify Health's Open-Market Fortified Wheat Flour,ID Insight Inc,$50538,2025-07-25,,"Nutrition,Research",Board Designated,India
"Vitamin A Supplementation in Sokoto and Kebbi States, Nigeria",Nutrition International,$3879606,2025-07-25,,"Nutrition,Supplementation,Vitamin A supplementation (VAS)","All Grants Fund,Doneer Effectief,Individual donor",Nigeria
RCT of Noora Health’s Maternal and Neonatal Health Care Companion Program,Agency Fund,$3893148,2025-07-24,,"""Maternal, neonatal, and child health"",Research",Board Designated,India
Evaluation of Oral Rehydration Solution and Zinc Distribution Pilot in Chad,Clear Solutions UK,$81573,2025-07-16,https://www.givewell.org/research/grants/Clear-Solutions-Evaluation-of-Oral-Rehydration-Solution-and-Zinc-Distribution-Pilot-in-Chad-July-2025,Oral rehydration solution (ORS),Coefficient Giving,Chad
Increasing Coverage of Zero-Dose and Under-Immunized Children in South Sudan,Malaria Consortium,$5759397,2025-07-14,,Vaccines,"All Grants Fund,Individual donor",South Sudan
In-Line Chlorination Pilots,International Rescue Committee,$4929367,2025-07-10,,"Chlorination,Water",All Grants Fund,"Chad,Nigeria,Somalia"
In-Line Chlorination Pilot,Watalux SA,$692053,2025-07-10,,"Chlorination,Water",Board Designated,Madagascar
In-Line Chlorination Pilots,UNICEF USA,$7423503,2025-07-10,,"Chlorination,Water",All Grants Fund,"Madagascar,Nigeria,Somalia"
Malaria Rapid Diagnostic Test Emergency Procurement in Nigeria,"Clinton Health Access Initiative, Inc.",$842400,2025-07-09,https://www.givewell.org/research/grants/CHAI-Malaria-RDT-Emergency-Procurement-in-Nigeria-July-2025,Malaria,Effektiv Spenden,Nigeria
Azithromycin MDA Workshop,Helen Keller International,$13480,2025-07-08,,Antibiotics,Board Designated,Burkina Faso
Community-Based Management of Acute Malnutrition and Health Services in Somalia,Concern Worldwide US Inc,$3595722,2025-07-07,,"Nutrition,Malnutrition",Coefficient Giving,Somalia
Iron and Folic Acid (IFA) Supplementation in India Renewal,Evidence Action,$4895677,2025-06-27,,"Nutrition,Iron,Supplementation","Board Designated,Doneer Effectief,Individual donor",India
Contraceptive Supply in Nigeria,Access to Medicines Initiative Inc,$159655,2025-06-27,https://www.givewell.org/research/grants/Access-to-Medicines-Initiative-Contraceptive-Supply-in-Nigeria-June-2025,Family planning,Individual donor,Nigeria
In-line Chlorination Pilots,Population Services International,$1384560,2025-06-26,,"Chlorination,Water",Board Designated,"Ethiopia,Somalia"
In-line Chlorination Pilot,"Clinton Health Access Initiative, Inc.",$625830,2025-06-26,,"Chlorination,Water",Board Designated,Burkina Faso
Technical Assistance for In-Line Chlorination Pilots,Mangrove Water,$1764928,2025-06-25,,"Chlorination,Technical assistance,Water",Board Designated,"Burkina Faso,Chad,Ethiopia,Madagascar,Nigeria,Somalia"
In-line Chlorination Pilot,Rhema Care Integrated Development Centre,$499990,2025-06-25,,"Chlorination,Water",Coefficient Giving,Nigeria
In-line Chlorination Pilot,Nomadic Assistance for Peace and Development (NAPAD),$733289,2025-06-25,,"Chlorination,Water",Coefficient Giving,Somalia
Seasonal Malaria Chemoprevention Expansion in Chad,Malaria Consortium,$10427075,2025-06-23,https://www.givewell.org/research/grants/Malaria-Consortium-SMC-Expansion-in-Chad-June-2025,"Malaria,Seasonal malaria chemoprevention (SMC)","Top Charities Fund,Effective Altruism Australia,Effective Altruism New Zealand,Giving What We Can,Giv Effektivt",Chad
Malaria RDTs/ACTs in Private Sector,"Clinton Health Access Initiative, Inc.",$8840648,2025-06-20,,Malaria,All Grants Fund,Nigeria
Iron Absorption Study,Semilla Nueva,$175212,2025-06-06,https://www.givewell.org/research/grants/Semilla-Nueva-Iron-Absorption-Study-June-2025,"Nutrition,Fortification,Research",All Grants Fund,Guatemala
Primary Healthcare and Malnutrition Treatment in Far North Cameroon,ALIMA USA,$2834633,2025-06-03,https://www.givewell.org/research/grants/ALIMA-Primary-Healthcare-and-Malnutrition-Treatment-in-Far-North-Cameroon-June-2025,"Nutrition,Malnutrition",All Grants Fund,Cameroon
Community-Based Management of Acute Malnutrition in South Sudan,Amref Health Africa Inc,$490661,2025-05-28,,"Nutrition,Malnutrition",All Grants Fund,South Sudan
CHAI Incubator Renewal,"Clinton Health Access Initiative, Inc.",$11334747,2025-05-21,,,Coefficient Giving,
In-Line Chlorination Research,"University of California, Berkeley",$2138032,2025-05-19,https://www.givewell.org/research/grants/University-of-California-Berkeley-In-Line-Chlorination-Research-May-2025,"Chlorination,Water",All Grants Fund,"India,Nigeria"
Audit of Dimagi CommCare Connect Pilot,Innovations for Poverty Action,$79742,2025-05-09,https://www.givewell.org/research/grants/Innovations-for-Poverty-Action-Audit-of-Dimagi-CommCare-Connect-Pilot-May-2025,Organizational support,Board Designated,Nigeria
Assessment of Impacts to Vaccine Delivery from U.S. Government Funding Cuts,Results for Development Institute Inc,$271445,2025-05-08,https://www.givewell.org/research/grants/Results-for-Development-R4D-Assessment-of-Impacts-to-Vaccine-Delivery-from-US-Government-Funding-Cuts-April-2025,Vaccines,All Grants Fund,"Democratic Republic of the Congo,Madagascar,Nigeria"
Seasonal Malaria Chemoprevention Implementation in Cameroon,Jhpiego Corporation,$1568395,2025-05-08,https://www.givewell.org/research/grants/Jhpiego-Seasonal-Malaria-Chemoprevention-Implementation-in-Cameroon-May-2025,"Malaria,Seasonal malaria chemoprevention (SMC)","All Grants Fund,Individual donor",Cameroon
"Deworm the World in Nigeria, Kenya, Pakistan in 2027",Evidence Action,$1376392,2025-05-02,https://www.givewell.org/research/grants/Evidence-Actions-Deworm-the-World-Initiative-2027-Funding-for-Nigeria-Kenya-Pakistan-April-2025,Deworming,Coefficient Giving,"Kenya,Nigeria,Pakistan"
Final Round of Insecticide-Treated Net Durability Survey in Cameroon,Population Services International,$200154,2025-04-30,https://www.givewell.org/research/grants/population-services-international-PSI-final-round-of-ITN-durability-survey-in-cameroon-april-2025,Malaria,All Grants Fund,Cameroon
"Vitamin A Supplementation in Mali and Guinea, 2025",Helen Keller International,$389997,2025-04-29,,"Nutrition,Supplementation,Vitamin A supplementation (VAS)",RC Forward,"Guinea,Mali"
Soliciting Expert Forecasts on the Mortality Effect of Water Chlorination,Forecasting Research Institute,$200808,2025-04-08,https://www.givewell.org/research/grants/forecasting-research-institute-soliciting-expert-forecasts-on-the-mortality-effect-of-water-chlorination-april-2025,"Chlorination,Forecasting,Research,Water",Board Designated,
Technical Support Unit,PATH,$824770,2025-04-08,https://www.givewell.org/research/grants/PATH-technical-support-unit-TSU-april-2025,Technical assistance,"All Grants Fund,Individual donor",Democratic Republic of the Congo
Technical Support Units,"Clinton Health Access Initiative, Inc.",$2511961,2025-04-08,https://www.givewell.org/research/grants/clinton-health-access-initiative-chai-technical-support-units-tsus-april-2025,Technical assistance,"All Grants Fund,Effektiv Spenden,Individual donor","Burkina Faso,Malawi,Nigeria,Uganda,Zambia"
Short-Term Seasonal Malaria Chemoprevention Campaign Gaps in Benin,"Clinton Health Access Initiative, Inc.",$173821,2025-04-04,https://www.givewell.org/research/grants/short-term-smc-campaign-gaps-in-guinea-mali-cameroon-c%C3%B4te-dIvoire-togo-and-benin-april-2025,"Malaria,Seasonal malaria chemoprevention (SMC)",Individual donor,"Benin,Cameroon,Côte d’Ivoire,Guinea,Mali,Togo"
"Acute Malnutrition Treatment in DRC, Niger, and Chad",International Rescue Committee,$7992256,2025-04-02,,"Nutrition,Malnutrition","Board Designated,All Grants Fund","Chad,Democratic Republic of the Congo,Niger"
"Monitoring and Evaluation for Insecticide-Treated Nets Campaign in Ondo, Nigeria, 2025",Malaria Consortium,$408142,2025-03-31,https://www.givewell.org/research/grants/Malaria-Consortium-Additional-M-E-for-ITN-campaign-in-Ondo-Nigeria-March-2025,"Malaria,Insecticide-treated nets (ITNs)","Effective Altruism Australia,Giving What We Can",Nigeria
Scoping Grant for New Program Variations,GiveDirectly,$89347,2025-03-28,https://www.givewell.org/research/grants/givedirectly-scoping-grant-for-new-program-variations-march-2025,"Cash transfers,Incentives,Livelihoods,Unconditional cash transfers",All Grants Fund,
Conditional Cash Transfers for Infant Immunizations,New Incentives,$19127586,2025-03-27,https://www.givewell.org/research/grants/new-incentives-extension-of-support-in-northern-nigeria-march-2025,"Conditional cash transfers (CCTs),Incentives,Vaccines","Top Charities Fund,All Grants Fund,Effektiv Spenden,Doneer Effectief,Effective Altruism Australia,Effective Altruism New Zealand",Nigeria
Recruiting Policymakers from LICs to the Policymakers Lab,University of Warwick,$10278,2025-03-27,https://www.givewell.org/research/grants/university-of-warwick-recruiting-policymakers-from-lics-to-the-policymakers-lab-april-2024,Policy,All Grants Fund,
Syphilis Screening and Treatment in Pregnancy in Zambia,Evidence Action,$1046535,2025-03-27,https://www.givewell.org/research/grants/Evidence-Action-Syphilis-Screening-and-Treatment-in-Pregnancy-in-Zambia-foreign-aid-gap-filling-grants-March-2025,"""Maternal, neonatal, and child health"",Syphilis",Board Designated,Zambia
Short-Term Seasonal Malaria Chemoprevention Campaign Gaps in Togo,Malaria Consortium,$150000,2025-03-26,https://www.givewell.org/research/grants/short-term-smc-campaign-gaps-in-guinea-mali-cameroon-c%C3%B4te-dIvoire-togo-and-benin-april-2025,"Malaria,Seasonal malaria chemoprevention (SMC)",Doneer Effectief,"Benin,Cameroon,Côte d’Ivoire,Guinea,Mali,Togo"
Rapid Surveys on Tea Consumption and Iron Supplementation Timing in India,Tech Mahindra Foundation,$22000,2025-03-26,https://www.givewell.org/research/grants/Tech-Mahindra-Foundation-Rapid-Surveys-on-Tea-Consumption-and-Iron-Supplementation-Timing-in-India-March-2025,"Nutrition,Research",All Grants Fund,India
Short-Term Seasonal Malaria Chemoprevention Campaign Gaps in Mali,PATH,$100184,2025-03-25,https://www.givewell.org/research/grants/short-term-smc-campaign-gaps-in-guinea-mali-cameroon-c%C3%B4te-dIvoire-togo-and-benin-april-2025,"Malaria,Seasonal malaria chemoprevention (SMC)",Individual donor,"Benin,Cameroon,Côte d’Ivoire,Guinea,Mali,Togo"
Short-Term Seasonal Malaria Chemoprevention Campaign Gaps in Guinea,RTI International (Research Triangle Institute),$560000,2025-03-25,https://www.givewell.org/research/grants/short-term-smc-campaign-gaps-in-guinea-mali-cameroon-c%C3%B4te-dIvoire-togo-and-benin-april-2025,"Malaria,Seasonal malaria chemoprevention (SMC)",Individual donor,"Benin,Cameroon,Côte d’Ivoire,Guinea,Mali,Togo"
Short-Term Seasonal Malaria Chemoprevention Campaign Gaps in Côte d'Ivoire,Population Services International,$115000,2025-03-25,https://www.givewell.org/research/grants/short-term-smc-campaign-gaps-in-guinea-mali-cameroon-c%C3%B4te-dIvoire-togo-and-benin-april-2025,"Malaria,Seasonal malaria chemoprevention (SMC)",Individual donor,"Benin,Cameroon,Côte d’Ivoire,Guinea,Mali,Togo"
Short-Term Seasonal Malaria Chemoprevention Campaign Gaps in Cameroon,Jhpiego Corporation,$1270126,2025-03-25,https://www.givewell.org/research/grants/short-term-smc-campaign-gaps-in-guinea-mali-cameroon-c%C3%B4te-dIvoire-togo-and-benin-april-2025,"Malaria,Seasonal malaria chemoprevention (SMC)","All Grants Fund,Individual donor","Benin,Cameroon,Côte d’Ivoire,Guinea,Mali,Togo"
Bridge Funding for Phone-Based Vaccination Reminder Program in Nigeria,Notify Health,$160000,2025-03-21,https://www.givewell.org/research/grants/notify-health-bridge-funding-for-phone-based-vaccination-reminder-program-in-nigeria-march-2025,"SMS reminders,Vaccines",Board Designated,Nigeria
Development Innovation Lab Chlorine Coverage Surveys in Malawi and Uganda,University of Chicago,$256729,2025-03-20,https://www.givewell.org/research/grants/development-innovation-lab-and-innovations-for-poverty-action-chlorine-coverage-surveys-in-malawi-and-uganda-march-april-2025,"Chlorination,Water",All Grants Fund,"Malawi,Uganda"
Chlorine Coverage Surveys in Malawi and Uganda,Innovations for Poverty Action,$655894,2025-03-20,https://www.givewell.org/research/grants/development-innovation-lab-and-innovations-for-poverty-action-chlorine-coverage-surveys-in-malawi-and-uganda-march-april-2025,"Chlorination,Water",All Grants Fund,"Malawi,Uganda"
Program Monitoring,The Taimaka Project,$588489,2025-03-19,https://www.givewell.org/research/grants/taimaka-acute-malnutrition-treatment-in-gombe-state-nigeria-november-2024-and-program-monitoring-march-2025,"Nutrition,Malnutrition","Board Designated,All Grants Fund,Individual donor",Nigeria
RCT of Hospital-Based Cholera Intervention,Johns Hopkins University,$740852,2025-03-14,https://www.givewell.org/research/grants/johns-hopkins-university-rct-of-hospital-based-cholera-intervention-march-2025,"Chlorination,Research,Water","Board Designated,All Grants Fund",Bangladesh
Bridge Grant to Retain Bihar Staff,UN World Food Programme,$44519,2025-03-10,https://www.givewell.org/research/grants/World-Food-Programme-Bridge-grant-Bihar-March-2025,"Nutrition,Fortification",Board Designated,India
Tuberculosis Household Contact Management in Pakistan,Spiro,$247118,2025-03-06,https://www.givewell.org/research/grants/Spiro-Tuberculosis-Household-Contact-Management-in-Pakistan-February-2025,Tuberculosis,All Grants Fund,Pakistan
Forecasts on U.S. Foreign Aid Funding,Good Judgment Inc,$72000,2025-03-06,https://www.givewell.org/research/grants/good-judgment-inc-forecasts-on-us-foreign-aid-funding-march-2025,"Forecasting,Research",Operating Funds,
Funding IDinsight for Coverage Analysis of Baseline Surveys in Uttar Pradesh and Bihar,Evidence Action,$144250,2025-02-24,https://www.givewell.org/research/grants/Evidence-Action-Funding-IDinsight-for-Coverage-Analysis-of-Baseline-Surveys-in-Uttar-Pradesh-and-Bihar-February-2025,"Nutrition,Iron,Supplementation",All Grants Fund,India
Syphilis Screening and Treatment in the Philippines,Healthy Futures,$167453,2025-02-18,https://www.givewell.org/research/grants/healthy-futures-global-syphilis-screening-and-treatment-in-the-philippines-february-2025,"HIV/AIDS,Syphilis",Board Designated,Philippines
Qualitative Research on Helen Keller International's Vitamin A Supplementation Program in Nigeria,Busara Center for Behavioral Economics,$168509,2025-02-14,https://www.givewell.org/research/grants/busara-qualitative-research-on-helen-keller-internationals-vitamin-a-supplementation-program-in-nigeria-february-2025,"Nutrition,Research,Supplementation,Vitamin A supplementation (VAS)",Operating Funds,Nigeria
Malaria Guidelines Review and Update Grant,World Health Organization,$416292,2025-02-12,https://www.givewell.org/research/grants/who-malaria-guidelines-development-group-guidelines-review-and-update-grant-february-2025,Malaria,All Grants Fund,
Malaria Funding Gaps,"Clinton Health Access Initiative, Inc.",$250000,2025-02-06,https://www.givewell.org/research/grants/clinton-health-access-initiative-chai-malaria-funding-gaps-february-2025,Malaria,Board Designated,"Côte d’Ivoire,Haiti,Sierra Leone,Zimbabwe"
Grant for Iron Repletion RCT,Walter and Eliza Hall Institute of Medical Research,$3828632,2025-02-03,https://www.givewell.org/research/grants/Walter-and-Eliza-Hall-Institute-of-Medical-Research-Grant-for-Iron-Repletion-RCT-January-2025,"Iron,Research",All Grants Fund,Bangladesh
Development of In-line Chlorination Adapter,Mangrove Water,$236958,2025-01-31,https://www.givewell.org/research/grants/mangrove-water-development-of-in-line-chlorination-adapter-january-2025,"Chlorination,Water",Board Designated,
"Renewal Grant for Seasonal Malaria Chemoprevention in Nampula Province, Mozambique",Malaria Consortium,$4000000,2025-01-30,https://www.givewell.org/research/grants/malaria-consortium-renewal-grant-for-smc-in-nampula-province-mozambique-january-2025,"Malaria,Seasonal malaria chemoprevention (SMC)",Board Designated,Mozambique
Implementation Guide for In-Line Chlorination,Mangrove Water,$88550,2025-01-28,https://www.givewell.org/research/grants-mangrove-water-implementation-guide-for-in-line-chlorination-december-2024,"Chlorination,Water",All Grants Fund,
Updated Beneficiary Preference Research and Pilots,ID Insight Inc,$299083,2025-01-06,https://www.givewell.org/research/grants/idinsight-updated-beneficiary-preference-research-and-pilots-2025,Research,Board Designated,
Support for GiveDirectly General Equilibrium RCT in Malawi,University of Oxford,$491700,2025-01-02,https://www.givewell.org/research/grants/university-of-oxford-support-for-givedirectly-general-equilibrium-rct-in-malawi-december-2024,"Cash transfers,Incentives,Livelihoods,Research,Unconditional cash transfers",All Grants Fund,Malawi
Scoping of Long-Term Follow-Up Study on Preschool Program,International Initiative for Impact Evaluation (3ie),$169691,2024-12-30,https://www.givewell.org/research/grants/the-international-initiative-for-impact-evaluation-scoping-of-long-term-follow-up-study-on-preschool-program-december-2024,"Education,Research",All Grants Fund,Mozambique
Vitamin A Supplementation in 8 Countries,Helen Keller International,$14492343,2024-12-19,https://www.givewell.org/research/grants/Helen-Keller-Intl-Vitamin-A-Supplementation-December-2024,"Nutrition,Supplementation,Vitamin A supplementation (VAS)","Top Charities Fund,All Grants Fund,Effective Altruism Australia,Giving What We Can,Giv Effektivt,Individual donor","Burkina Faso,Cameroon,Democratic Republic of the Congo,Guinea,Mali,Niger,Nigeria"
Iron Bioavailability Study,University of Oxford,$187330,2024-12-19,https://www.givewell.org/research/grants/University-of-Oxford-Iron-Bioavailability-Study-December-2024,"Nutrition,Iron,Research,Supplementation",Effective Altruism Funds,Kenya
Desk-Based Scoping of Drones to Increase Vaccination Coverage,Zipline,$54620,2024-12-18,https://www.givewell.org/research/grants/zipline-desk-based-scoping-of-drones-to-increase-vaccination-coverage-december-2024,Vaccines,Coefficient Giving,
"Net Campaigns in Chad, DRC, Nigeria, and Zambia in 2025-2027",Against Malaria Foundation,$96326393,2024-12-16,https://www.givewell.org/research/grants/against-malaria-foundation-support-for-itn-campaigns-in-chad-drc-nigeria-and-zambia-december-2024,"Malaria,Insecticide-treated nets (ITNs)","Board Designated,Top Charities Fund,Individual donor,Vanguard Charitable","Chad,Democratic Republic of the Congo,Nigeria,Zambia"
"Kangaroo Care Scaling Grant, Rajasthan, India",Ansh UK,$1976578,2024-12-03,https://www.givewell.org/research/grants/ansh-kangaroo-care-scaling-grant-rajasthan-india-december-2024,"""Maternal, neonatal, and child health""","All Grants Fund,Effektiv Spenden,Individual donor",India
In-line Chlorination Pilot,Uduma,$507266,2024-11-27,https://www.givewell.org/research/grants/uduma-in-line-chlorination-pilot-november-2024,"Chlorination,Water",Board Designated,Mali
Mother-Baby Wellness Coaching CommCare Connect (CCC-MBW) Program Design,Dimagi Inc,$320356,2024-11-20,https://www.givewell.org/research/grants/dimagi-mother-baby-wellness-coaching-comm-care-connect-ccc-mbw-program-design-november-2024,"""Maternal, neonatal, and child health""",Board Designated,Nigeria
Five-Year Follow-Up and Additional Survey for Raising the Village RCT,University of Michigan,$127294,2024-11-20,https://www.givewell.org/research/grants/innovations-for-poverty-action-and-the-university-of-michigan-five-year-follow-up-and-additional-survey-for-raising-the-village-RCT-november-2024,Livelihoods,All Grants Fund,Uganda
Five-Year Follow-Up and Additional Survey for Raising the Village RCT,Innovations for Poverty Action,$414816,2024-11-20,https://www.givewell.org/research/grants/innovations-for-poverty-action-and-the-university-of-michigan-five-year-follow-up-and-additional-survey-for-raising-the-village-RCT-november-2024,Livelihoods,All Grants Fund,Uganda
"Acute Malnutrition Treatment in Gombe State, Nigeria",The Taimaka Project,$4787985,2024-11-08,https://www.givewell.org/research/grants/taimaka-acute-malnutrition-treatment-in-gombe-state-nigeria-november-2024-and-program-monitoring-march-2025,"Nutrition,Malnutrition","All Grants Fund,Individual donor",Nigeria
Oral Rehydration Solution and Zinc Distribution,New Incentives,$205000,2024-10-23,https://www.givewell.org/research/grants/new-incentives-oral-rehydration-solution-and-zinc-distribution-october-2024,Oral rehydration solution (ORS),Doneer Effectief,Nigeria
Program Performance Management Grant,"Clinton Health Access Initiative, Inc.",$5104824,2024-10-18,https://www.givewell.org/research/grants/clinton-health-access-initiative-chai-program-performance-management-grant-october-2024,Organizational support,Coefficient Giving,
Seasonal Malaria Chemoprevention Renewal in Chad,Malaria Consortium,$3359153,2024-10-09,https://www.givewell.org/research/grants/malaria-consortium-SMC-renewals-in-nigeria-burkina-faso-chad-and-togo#SMC_Renewal_in_ChadQ4_2024,"Malaria,Seasonal malaria chemoprevention (SMC)","Board Designated,Doneer Effectief,Effective Altruism Australia,Effective Altruism New Zealand,Giving What We Can,Individual donor",Chad
Expansion to Niger and Yobe States,New Incentives,$1292138,2024-10-07,https://www.givewell.org/research/grants/new-incentives-expansion-to-niger-and-yobe-states-october-2024,"Conditional cash transfers (CCTs),Incentives,Vaccines","Board Designated,Top Charities Fund,RC Forward,Effective Altruism New Zealand,Giv Effektivt",Nigeria
Chlorine Vouchers Scoping Grant,University of Cape Town,$472362,2024-10-03,https://www.givewell.org/research/grants/j-pal-africa-chlorine-vouchers-scoping-grant-september-2024,"Chlorination,Water",Coefficient Giving,"Benin,Burkina Faso,Burundi,Cameroon,Central African Republic,Chad,Guinea,Guinea-Bissau,Madagascar,Mali,Niger,Sierra Leone,Somalia,South Sudan,Togo"
History of Philanthropy Case Studies,Urban Institute,$180000,2024-10-02,https://www.givewell.org/research/grants/urban-institute-history-of-philanthropy-case-studies-october-2024,,Board Designated,
Seasonal Malaria Chemoprevention Renewal in South Sudan,Malaria Consortium,$1087342,2024-10-01,https://www.givewell.org/research/grants/malaria-consortium-smc-renewal-in-south-sudan-september-2024,"Malaria,Seasonal malaria chemoprevention (SMC)",Top Charities Fund,South Sudan
Rice Fortification in India,Nutrition International,$476039,2024-09-30,https://www.givewell.org/research/grants/Nutrition-International-Rice-Fortification-in-India-September-2024,"Nutrition,Fortification,Iron",Individual donor,India
Desk-Based Scoping of Programs to Increase Vaccination Coverage,International Rescue Committee,$150000,2024-09-13,https://www.givewell.org/research/grants/International-Rescue-Committee-IRC-Desk-Based-Scoping-of-Programs-to-Increase-Vaccination-Coverage-September-2024%29,Vaccines,Board Designated,
Vitamin A Supplementation in Cameroon and Côte d'Ivoire,Helen Keller International,$2554960,2024-09-13,https://www.givewell.org/research/grants/helen-keller-international-vitamin-a-supplementation-august-september-2024,"Nutrition,Supplementation,Vitamin A supplementation (VAS)",Board Designated,"Cameroon,Côte d’Ivoire"
"Seasonal Malaria Chemoprevention in Karamoja, Uganda in 2025-26",Malaria Consortium,$2731480,2024-09-12,https://www.givewell.org/research/grants/malaria-consortium-seasonal-malaria-chemoprevention-in-karamoja-uganda-in-2025-26-september-2024,"Malaria,Seasonal malaria chemoprevention (SMC)",Top Charities Fund,Uganda
"Vitamin A Supplementation Renewal, Chad",Nutrition International,$2405536,2024-09-10,https://www.givewell.org/research/grants/nutrition-international-vitamin-a-supplementation-renewal-chad-september-2024,"Nutrition,Supplementation,Vitamin A supplementation (VAS)",Coefficient Giving,Chad
"Insecticide-Treated Nets Campaign in Ondo State, Nigeria, 2025",Malaria Consortium,$13381474,2024-08-29,https://www.givewell.org/research/grants/Malaria-Consortium-ITN-Campaign-in-Ondo-State-Nigeria-2025,"Malaria,Insecticide-treated nets (ITNs)","Coefficient Giving,Individual donor",Nigeria
Vitamin A Supplementation in 6 Countries,Helen Keller International,$5824505,2024-08-15,https://www.givewell.org/research/grants/helen-keller-international-vitamin-a-supplementation-august-september-2024,"Nutrition,Supplementation,Vitamin A supplementation (VAS)","Top Charities Fund,Effektiv Spenden,Doneer Effectief,Effective Altruism Australia,Effective Altruism New Zealand,Giving What We Can","Burkina Faso,Cameroon,Democratic Republic of the Congo,Côte d’Ivoire,Guinea,Nigeria"
"Coverage Surveys of Iron and Folic Acid Supplementation in Uttar Pradesh and Bihar, India",Evidence Action,$198993,2024-08-06,https://www.givewell.org/research/grants/evidence-action-coverage-surveys-of-iron-and-folic-acid-supplementation-in-uttar-pradesh-and-bihar-india-august-2024,"Nutrition,Iron,Supplementation",Board Designated,India
Bridge Grant for Iron and Folic Acid Supplementation Program,Evidence Action,$67024,2024-08-01,https://www.givewell.org/research/grants/evidence-action-bridge-grant-for-iron-and-folic-acid-supplementation-program-august-2024,"Nutrition,Iron,Supplementation",Board Designated,India
RCT of Water Entrepreneurship Program Grant,Yale University,$1299147,2024-07-25,https://www.givewell.org/research/grants/y-rise-rct-of-water-entrepreneurship-program-grant-july-2024,"Research,Water",All Grants Fund,Bangladesh
Moxidectin WHO Pre-Qualification Grant,Medicines Development for Global Health,$637549,2024-06-19,https://www.givewell.org/research/grants/medicines-development-for-global-health-moxidectin-who-pre-qualification-grant-june-2024,"Antibiotics,Neglected tropical diseases","All Grants Fund,Individual donor",
Support for Insecticide-Treated Nets Campaigns in DRC,Against Malaria Foundation,$41000000,2024-06-10,https://www.givewell.org/research/grants/AMF-LLIN-DRC-June-2024,"Malaria,Insecticide-treated nets (ITNs)","Coefficient Giving,Board Designated,Top Charities Fund,RC Forward,Effective Altruism Australia,Individual donor",Democratic Republic of the Congo
RCT Workshop,Spark Microgrants,$20000,2024-06-05,https://www.givewell.org/research/grants/spark-microgrants-rct-workshop-june-2024,Research,All Grants Fund,Malawi
CommCare Connect Pilot,Dimagi Inc,$1000186,2024-06-05,https://www.givewell.org/research/grants/dimagi-commcare-connect-pilot-may-2024,Organizational support,All Grants Fund,Nigeria
Community-Based Tuberculosis Household Contact Management,"Clinton Health Access Initiative, Inc.",$15092329,2024-06-04,https://www.givewell.org/research/grants/clinton-health-access-initiative-tuberculosis-household-contact-management-june-2024,Tuberculosis,"Board Designated,All Grants Fund,Individual donor",India
Research on why other funders don't fund opportunities GiveWell does,Center for Global Development,$197000,2024-05-15,https://www.givewell.org/research/grants/center-for-global-development-research-opportunities-may-2024,Technical assistance,Board Designated,
Add-ons to Sierra Leone RCT on Health Service Delivery to Remote Communities,Wageningen University,$676857,2024-05-14,https://www.givewell.org/research/grants/wageningen-university-sierra-leone-rct-2024,"Chlorination,Oral rehydration solution (ORS),Research,Vaccines,Water",All Grants Fund,Sierra Leone
RCT of Eyeglasses Provision,London School of Hygiene and Tropical Medicine,$4786813,2024-05-10,https://www.givewell.org/research/grants/london-school-hygiene-tropical-medicine-eyeglasses-may-2024,"Research,Vision",Individual donor,"India,Kenya"
Program Additions and Expansion,New Incentives,$0,2024-04-23,https://www.givewell.org/research/grants/new-incentives-top-charity-november-2023-program-additions-april-2024,"Conditional cash transfers (CCTs),Incentives,Vaccines",,Nigeria
Liberia Syphilis Screening and Treatment in Pregnancy Exit Grant,Evidence Action,$1214089,2024-04-09,https://www.givewell.org/research/grants/evidence-action-liberia-syphilis-screening-and-treatment-in-pregnancy-exit-grant-april-2024,"HIV/AIDS,Syphilis",Board Designated,Liberia
Our World in Data Unrestricted Funding,Global Change Data Lab,$400000,2024-04-08,https://www.givewell.org/research/grants/our-world-in-data-unrestricted-april-2024,Organizational support,Board Designated,
Review of Against Malaria Foundation's Monitoring,ID Insight Inc,$94500,2024-03-22,https://www.givewell.org/research/grants/IDinsight-review-of-AMFs-monitoring-march-2024,Malaria,All Grants Fund,Democratic Republic of the Congo
"Deworm the World Renewal Grant for Nigeria, Pakistan, Kenya, and India",Evidence Action,$4371604,2024-03-20,https://www.givewell.org/research/grants/evidence-action-deworm-the-world-nigeria-pakistan-kenya-india-march-2024,Deworming,Coefficient Giving,"India,Kenya,Nigeria,Pakistan"
Technical Assistance to Support Malaria Vaccines Rollout,PATH,$17367272,2024-03-15,https://www.givewell.org/research/grants/path-technical-assistance-to-support-malaria-vaccines-rollout-march-2024,"Malaria,Vaccines",All Grants Fund,"Burkina Faso,Democratic Republic of the Congo,Mozambique,Nigeria,Uganda"
"Seasonal Malaria Chemoprevention Campaigns in Borno State, Nigeria in 2024-2025",Malaria Consortium,$9904409,2024-03-11,https://www.givewell.org/research/grants/malaria-consortium-SMC-renewals-in-nigeria-burkina-faso-chad-and-togo#Funding_for_2024_and_2025_SMC_campaigns_in_Borno,"Malaria,Seasonal malaria chemoprevention (SMC)","Top Charities Fund,Individual donor",Nigeria
"Breastfeeding Reminders Pilot in Sindh, Pakistan",Interactive Research & Development (IRD Global),$2760,2024-03-06,https://www.givewell.org/research/grants/ird-global-breastfeeding-reminders-pilot-sindh-march-2024,"""Maternal, neonatal, and child health""",All Grants Fund,Pakistan
"Seasonal Malaria Chemoprevention Renewal in Nigeria, Burkina Faso, and Togo",Malaria Consortium,$57154731,2024-03-01,https://www.givewell.org/research/grants/malaria-consortium-SMC-renewals-in-nigeria-burkina-faso-chad-and-togo#SMC_Renewal_in_Nigeria_Burkina_Faso_and_TogoQ1_2024,"Malaria,Seasonal malaria chemoprevention (SMC)","Top Charities Fund,Effective Altruism New Zealand","Burkina Faso,Nigeria,Togo"
"Malnutrition Treatment Programs in Ngouri and N'Djamena, Chad",ALIMA USA,$2000000,2024-02-20,https://www.givewell.org/research/grants/ALIMA-malnutrition-Ngouri-NDjamena-February-2024,"Nutrition,Malnutrition",Board Designated,Chad
“Be In A Net” Phases 1 and 2,Malaria Consortium,$1480437,2024-02-12,https://www.givewell.org/research/grants/malaria-consortium-be-in-a-net-february-2024,"Malaria,Insecticide-treated nets (ITNs)","All Grants Fund,Individual donor","Nigeria,Uganda"
"Seasonal Malaria Chemoprevention in Nampula, Mozambique in 2024-2025",Malaria Consortium,$14574211,2024-01-31,https://www.givewell.org/research/grants/malaria-consortium-smc-karamoja-uganda-nampula-mozambique-november-2023-january-2024,"Malaria,Seasonal malaria chemoprevention (SMC)","Board Designated,Top Charities Fund,Effektiv Spenden,Effective Altruism Australia,Effective Altruism New Zealand,Giving What We Can,Individual donor",Mozambique
Development Innovation Lab Bridge Grant for RCT of Water Quality Interventions,University of Chicago,$895999,2024-01-25,https://www.givewell.org/research/grants/development-innovation-lab-uchicago-rct-water-quality-interventions-bridge-january-2024,"Chlorination,Water",All Grants Fund,"Malawi,Uganda"
Core Operations Grant,Malengo Inc,$750000,2024-01-19,https://www.givewell.org/research/grants/malengo-core-operations-january-2024,"Livelihoods,Migration","All Grants Fund,Individual donor",Uganda
"Acute Malnutrition Treatment in Burkina Faso, Chad, Democratic Republic of the Congo, Niger, and Somalia",International Rescue Committee,$7485323,2024-01-19,https://www.givewell.org/research/grants/international-rescue-committee-malnutrition-treatment-january-2024,"Nutrition,Malnutrition",Coefficient Giving,"Burkina Faso,Chad,Democratic Republic of the Congo,Niger,Somalia"
"Coverage Surveys of Iron and Folic Acid Supplementation in Karnataka and Tripura, India",Evidence Action,$97000,2024-01-10,https://www.givewell.org/research/grants/evidence-action-IFA-coverage-surveys-india-january-2024,"Nutrition,Iron,Supplementation",Effective Altruism Funds,India
Technical Assistance to Support Malaria Vaccines Rollout (Bridge Grant),PATH,$838000,2024-01-04,https://www.givewell.org/research/grants/path-technical-assistance-to-support-malaria-vaccines-rollout-march-2024,"Malaria,Vaccines",Effective Altruism Funds,"Burkina Faso,Democratic Republic of the Congo,Mozambique,Nigeria,Uganda"
"Center for Effective Global Action, Unrestricted Support","University of California, Berkeley",$787500,2023-12-14,https://www.givewell.org/research/grants/center-for-effective-global-action-unrestricted-december-2023,,All Grants Fund,
CommCare Connect Scoping,Dimagi Inc,$49722,2023-11-14,https://www.givewell.org/research/grants/dimagi-commcare-connect-scoping-november-2023,Organizational support,Board Designated,Nigeria
"Seasonal Malaria Chemoprevention in Nigeria, Burkina Faso, and Togo",Malaria Consortium,$6392822,2023-11-10,https://www.givewell.org/research/grants/malaria-consortium-SMC-renewals-in-nigeria-burkina-faso-chad-and-togo#SMC_Renewal_in_Nigeria_Burkina_Faso_and_TogoQ1_2024,"Malaria,Seasonal malaria chemoprevention (SMC)",Top Charities Fund,"Burkina Faso,Nigeria,Togo"
Conditional Cash Transfers for Infant Immunizations,New Incentives,$7820076,2023-11-10,https://www.givewell.org/research/grants/new-incentives-top-charity-november-2023-program-additions-april-2024,"Conditional cash transfers (CCTs),Incentives,Vaccines",Top Charities Fund,Nigeria
"Seasonal Malaria Chemoprevention in Karamoja, Uganda in 2024",Malaria Consortium,$1427254,2023-11-10,https://www.givewell.org/research/grants/malaria-consortium-smc-karamoja-uganda-nampula-mozambique-november-2023-january-2024,"Malaria,Seasonal malaria chemoprevention (SMC)",Top Charities Fund,Uganda
Co-Delivery of Vitamin A Supplementation and Seasonal Malaria Chemoprevention in Nigeria,Malaria Consortium,$1849540,2023-10-27,https://www.givewell.org/research/grants/malaria-consortium-VAS-SMC-nigeria-october-2023,"Malaria,Nutrition,Supplementation,Vitamin A supplementation (VAS),Seasonal malaria chemoprevention (SMC)","All Grants Fund,Individual donor",Nigeria
"Oral Rehydration Solution and Zinc Distribution in Bauchi, Nigeria","Clinton Health Access Initiative, Inc.",$8073020,2023-09-15,https://www.givewell.org/research/grants/clinton-health-access-initiative-oral-rehydration-solution-zinc-bauchi-nigeria-september-2023,"Oral rehydration solution (ORS),Research","All Grants Fund,Effektiv Spenden,Individual donor",Nigeria
Scale-Up of In-Line Chlorination in India,Evidence Action,$38803510,2023-09-06,https://www.givewell.org/research/grants/evidence-action-in-line-chlorination-india-september-2023,"Chlorination,Water","Coefficient Giving,Effektiv Spenden,Doneer Effectief,Individual donor",India
India In-Line Chlorination Pilot Expansion,Evidence Action,$1030000,2023-07-10,https://www.givewell.org/research/grants/evidence-action-india-ILC-pilot-expansion-july-2023,"Chlorination,Water",All Grants Fund,India
Exit Grant for Deworming in Burundi and Mauritania,Unlimit Health (formerly SCI Foundation),$1012347,2023-06-22,https://www.givewell.org/research/grants/unlimit-health-exit-burundi-mauritania-june-2023,Deworming,"All Grants Fund,Doneer Effectief,Effective Altruism New Zealand","Burundi,Mauritania"
Support for Insecticide-Treated Nets Campaigns in DRC,Against Malaria Foundation,$17554061,2023-06-09,https://www.givewell.org/research/grants/against-malaria-foundation-support-for-itn-campaigns-in-drc-june-2023,"Malaria,Insecticide-treated nets (ITNs)","Top Charities Fund,All Grants Fund",Democratic Republic of the Congo
Monitoring and Evaluation of Clubfoot Treatment Program,MiracleFeet,$596500,2023-05-25,https://www.givewell.org/research/grants/miraclefeet-monitoring-and-evaluation-may-2023,Clubfoot,All Grants Fund,"Chad,Côte d’Ivoire,Philippines"
"Vitamin A Supplementation Renewal, Chad",Nutrition International,$5977851,2023-05-17,https://www.givewell.org/research/grants/nutrition-international-VAS-chad-may-2023,"Nutrition,Supplementation,Vitamin A supplementation (VAS)","All Grants Fund,Effective Altruism Funds",Chad
Expansion of Conditional Cash Transfers for Infant Immunization,New Incentives,$12606851,2023-05-03,https://www.givewell.org/research/grants/new-incentives-nigeria-expansion-extension-may-2023,"Conditional cash transfers (CCTs),Incentives,Vaccines","Top Charities Fund,Effective Altruism Australia,Effective Altruism New Zealand,Giving What We Can",Nigeria
SMS Reminders and Ambassadors for Immunization,Suvita,$3305079,2023-04-19,https://www.givewell.org/research/grants/suvita-sms-reminders-ambassadors-immunization-april-2023,"SMS reminders,Vaccines","All Grants Fund,Individual donor",India
Vitamin A Supplementation in Madagascar,Helen Keller International,$6000000,2023-04-12,https://www.givewell.org/research/grants/helen-keller-international-vitamin-a-supplementation-madagascar-april-2023,"Nutrition,Supplementation,Vitamin A supplementation (VAS)",Individual donor,Madagascar
Deworming in Democratic Republic of the Congo,Sightsavers,$5772073,2023-04-06,https://www.givewell.org/research/grants/sightsavers-drc-april-2023,Deworming,"All Grants Fund,Doneer Effectief,Giving What We Can",Democratic Republic of the Congo
Organizational Support,Interactive Research & Development (IRD Global),$3681228,2023-04-05,https://www.givewell.org/research/grants/ird-global-organizational-support-april-2023,Organizational support,Coefficient Giving,
Radio Transmitters for an RCT,Family Empowerment Media,$500000,2023-03-29,https://www.givewell.org/research/grants/family-empowerment-media-radio-transmitters-rct-march-2023,"Family planning,Mass media,Research",Individual donor,Nigeria
Zero TB Exit Grant,Interactive Research & Development (IRD Global),$736000,2023-03-27,https://www.givewell.org/research/grants/ird-global-zero-tb-exit-march-2023,Tuberculosis,All Grants Fund,Pakistan
Core Operations Grant,Precision Development (PxD),$700000,2023-03-23,https://www.givewell.org/research/grants/precision-development-bridge-september-2022-core-operations-march-2023,Agriculture,All Grants Fund,
Safe Water Scoping Grant,Evidence Action,$6389043,2023-03-03,https://www.givewell.org/research/grants/evidence-action-safe-water-scoping-grant-march-2023,"Chlorination,Water","Coefficient Giving,Individual donor",India
Mobile Conditional Cash Transfers for Immunizations,Interactive Research & Development (IRD Global),$2712552,2023-02-28,https://www.givewell.org/research/grants/IRD-global-mCCTs-for-immunizations-february-2023,"Conditional cash transfers (CCTs),Incentives,Vaccines",Individual donor,Pakistan
"Study of Perennial Malaria Chemoprevention/RTS,S Malaria Vaccine",PATH,$2575759,2023-02-08,https://www.givewell.org/research/grants/PATH-perennial-malaria-chemoprevention-rtss-malaria-vaccine-study-february-2023,"Malaria,Perennial malaria chemoprevention (PMC),Vaccines",Coefficient Giving,Ghana
Vitamin A Supplementation in 8 Countries,Helen Keller International,$71513000,2023-01-31,https://www.givewell.org/research/grants/Helen-Keller-International-vitamin-A-supplementation-January-2023,"Nutrition,Supplementation,Vitamin A supplementation (VAS)","Coefficient Giving,Effective Altruism Australia,Giving What We Can","Burkina Faso,Cameroon,Democratic Republic of the Congo,Côte d’Ivoire,Guinea,Mali,Niger,Nigeria"
"Deworm the World in Nigeria, Pakistan, and Kenya",Evidence Action,$7713128,2023-01-26,https://www.givewell.org/research/grants/evidence-action-deworm-the-world-nigeria-pakistan-kenya-january-2023,Deworming,"Board Designated,Other,All Grants Fund,Giving What We Can,GW - Donor Designated Top Charity Funds","Kenya,Nigeria,Pakistan"
Tree Program RCT and Data Collection,One Acre Fund,$1652649,2023-01-25,https://www.givewell.org/research/grants/one-acre-fund-tree-rct-january-2023,"Agriculture,Research",All Grants Fund,Rwanda
"Renewal for Deworming in Nigeria, Chad, and Cameroon",Sightsavers,$11195955,2023-01-25,https://www.givewell.org/research/grants/sightsavers-deworming-renewal-january-2023,Deworming,Coefficient Giving,"Cameroon,Chad,Nigeria"
Development Innovation Lab RCT of Water Quality Interventions: Phase 1,University of Chicago,$1801387,2023-01-24,https://www.givewell.org/research/grants/development-innovation-lab-uchicago-rct-water-quality-interventions-january-2023,"Chlorination,Research,Water",All Grants Fund,Kenya
"Seasonal Malaria Chemoprevention Renewal in Nigeria, Burkina Faso, Chad, and Togo",Malaria Consortium,$87490260,2023-01-23,https://www.givewell.org/research/grants/Malaria-Consortium-SMC-renewal-Nigeria-Burkina-Chad-Togo-January-2023,"Malaria,Seasonal malaria chemoprevention (SMC)","Coefficient Giving,Top Charities Fund,Effektiv Spenden,Doneer Effectief,Effective Altruism New Zealand,Vanguard Charitable","Burkina Faso,Chad,Nigeria,Togo"
Clubfoot Treatment,MiracleFeet,$5210581,2023-01-18,https://www.givewell.org/research/grants/miraclefeet-clubfoot-treatment-january-2023,Clubfoot,"Coefficient Giving,Doneer Effectief,Individual donor","Chad,Côte d’Ivoire,Philippines"
Youth Empowerment Fellowships,Agency Fund,$855000,2023-01-17,https://www.givewell.org/research/grants/agency-fund-fellowships-january-2023,Livelihoods,Effective Altruism Funds,
Research on Child Mortality and Long-Term Health Effects of Participatory Learning and Action,University College London,$339696,2023-01-09,https://www.givewell.org/research/grants/university-college-london-participatory-learning-and-action-january-2023,"""Maternal, neonatal, and child health"",Research",All Grants Fund,Bangladesh
Childhood Pneumonia Treatment Program Phaseout,Results for Development Institute Inc,$1006445,2022-12-21,https://www.givewell.org/research/grants/results-for-development-december-2022,Antibiotics,Board Designated,Tanzania
Malnutrition Treatment in Niger and Nigeria,ALIMA USA,$13199213,2022-11-17,https://www.givewell.org/research/grants/alliance-for-international-medical-action-malnutrition-chad-may-2021-niger-nigeria-november-2022,"Nutrition,Malnutrition",Board Designated,"Niger,Nigeria"
Perennial Malaria Chemoprevention Pilot in the Democratic Republic of the Congo,PATH,$6226000,2022-11-15,https://www.givewell.org/research/grants/PATH-perennial-malaria-chemoprevention-pilot-democratic-republic-of-congo-november-2022,"Malaria,Perennial malaria chemoprevention (PMC)",Board Designated,Democratic Republic of the Congo
Scoping Grant for Participatory Learning and Action for Maternal and Neonatal Health,Spark Microgrants,$53740,2022-11-15,https://www.givewell.org/research/grants/spark-microgrants-participatory-learning-action-mnh-november-2022,"""Maternal, neonatal, and child health""",All Grants Fund,"Malawi,Rwanda,Uganda"
Expansion of Conditional Cash Transfers for Infant Immunization,New Incentives,$30186650,2022-11-04,https://www.givewell.org/research/grants/new-incentives-nigeria-expansion-november-2022,"Conditional cash transfers (CCTs),Incentives,Vaccines","Board Designated,Top Charities Fund,All Grants Fund",Nigeria
Newborn Care Program Focused on Kangaroo Mother Care,"RICE Institute, Inc",$2423199,2022-11-02,https://www.givewell.org/research/grants/rice-kangaroo-mother-care-november-2022,"""Maternal, neonatal, and child health""","Board Designated,Individual donor",India
Scoping Grant for In-Line Chlorination in Rwanda,One Acre Fund,$317150,2022-10-11,https://www.givewell.org/research/grants/one-acre-fund-ILC-scoping-rwanda-october-2022,"Chlorination,Water",All Grants Fund,Rwanda
Planning Grant for RCT of IRD's Zero TB Program,Johns Hopkins University,$102732,2022-09-28,https://www.givewell.org/research/grants/ird-global-johns-hopkins-zero-tb-planning-august-2022,"Research,Tuberculosis",Effective Altruism Funds,Pakistan
Bridge Grant for Mobile Agricultural Advice Scoping,Precision Development (PxD),$286709,2022-09-26,https://www.givewell.org/research/grants/precision-development-bridge-september-2022-core-operations-march-2023,Agriculture,All Grants Fund,
Planning Grant for Research on Tree Program,One Acre Fund,$77523,2022-09-12,https://www.givewell.org/research/grants/one-acre-fund-planning-grant-September-2022,Agriculture,Effective Altruism Funds,Rwanda
Planning Grant for RCT of Zero TB Program,Interactive Research & Development (IRD Global),$1016599,2022-08-29,https://www.givewell.org/research/grants/ird-global-johns-hopkins-zero-tb-planning-august-2022,"Research,Tuberculosis",Coefficient Giving,Pakistan
Iron and Folic Acid (IFA) Supplementation in India,Evidence Action,$9216654,2022-08-26,https://www.givewell.org/research/grants/evidence-action-iron-folic-acid-supplementation-india-august-2022,"Nutrition,Iron,Supplementation",Coefficient Giving,India
CHAI Incubator,"Clinton Health Access Initiative, Inc.",$8625431,2022-08-09,https://www.givewell.org/research/grants/Clinton-Health-Access-Initiative-Incubator-August-2022,Organizational support,Coefficient Giving,
Seasonal Malaria Chemoprevention,Malaria Consortium,$13530733,2022-08-02,https://www.givewell.org/research/grants/malaria-consortium-SMC-july-and-august-2022,"Malaria,Seasonal malaria chemoprevention (SMC)","Top Charities Fund,Effective Altruism Funds","Burkina Faso,Chad,Nigeria,Togo"
Research on Program Reach Estimates,ID Insight Inc,$71000,2022-07-21,https://www.givewell.org/research/grants/IDinsight-program-reach-research-august-2022,Research,Board Designated,
Yale Research Initiative on Innovation and Scale (Y-RISE) Operational Grant,Yale University,$1350017,2022-07-15,https://www.givewell.org/research/grants/yale-research-initiative-on-innovation-and-scale-operational-grant-december-2022,Organizational support,All Grants Fund,
Syphilis Screening and Treatment in Pregnancy in Zambia and Cameroon,Evidence Action,$15818773,2022-07-12,https://www.givewell.org/research/grants/evidence-action-syphilis-july-2022,"HIV/AIDS,""Maternal, neonatal, and child health"",Syphilis","Coefficient Giving,Individual donor","Cameroon,Zambia"
Follow-up for Cash Transfers Study,"University of California, Berkeley",$1788799,2022-07-07,https://www.givewell.org/research/grants/UC-Berkeley-cash-transfers-follow-up-July-2022,"Cash transfers,Incentives,Livelihoods,Research,Unconditional cash transfers",Coefficient Giving,Kenya
"In-Line Chlorination, Malawi",Evidence Action,$5596603,2022-07-06,https://www.givewell.org/research/grants/evidence-action-ILC-july-2022,"Chlorination,Water",Coefficient Giving,Malawi
Expansion of Conditional Cash Transfers for Infant Immunization,New Incentives,$35144600,2022-05-27,https://www.givewell.org/research/grants/new-incentives-nigeria-expansion-may-2022,"Conditional cash transfers (CCTs),Incentives,Vaccines","Coefficient Giving,Top Charities Fund",Nigeria
Support for Long-Lasting Insecticidal Nets Campaign in South Sudan,Against Malaria Foundation,$8163835,2022-05-26,https://www.givewell.org/research/grants/AMF-LLIN-campaign-South-Sudan-May-2022,"Malaria,Insecticide-treated nets (ITNs)",Top Charities Fund,South Sudan
General Support,One For the World (MAIN),$299285,2022-05-20,https://www.givewell.org/about/impact/one-for-the-world/may-2022-grant,Organizational support,Coefficient Giving,
Trailbridge Building in Rwanda,Fika (formerly Bridges to Prosperity),$3390138,2022-05-12,https://www.givewell.org/research/grants/bridges-to-prosperity-trailbridge-building-rwanda-may-2022,"Infrastructure,Research",Coefficient Giving,Rwanda
Scoping Grant for Mobile Agricultural Advice Program,Precision Development (PxD),$539864,2022-03-31,https://www.givewell.org/research/incubation-grants/PxD-scoping-march-2022,Agriculture,Coefficient Giving,
Development of an R Package for Bayesian Evidence Aggregation,WAW Statistical Consulting Ltd,$66400,2022-03-01,https://www.givewell.org/research/incubation-grants/WAW-statistical-consulting-baggr-march-2022,Research,Coefficient Giving,
Deworming Follow-up Planning Grant,University of Washington,$111856,2022-02-24,https://www.givewell.org/research/incubation-grants/University-of-Washington-deworming-planning-grant-February-2022,"Deworming,Research",Individual donor,"Benin,India,Malawi"
"Seasonal Malaria Chemoprevention, Nampula, Mozambique",Malaria Consortium,$15918958,2022-02-15,https://www.givewell.org/research/grants/Malaria-Consortium-SMC-Mozambique-February-2022,"Malaria,Seasonal malaria chemoprevention (SMC)",Coefficient Giving,Mozambique
"Scoping Grant to Assess Funding Gaps for Deworming in DRC, Côte d'Ivoire, and Sudan",Sightsavers,$118000,2022-02-01,https://www.givewell.org/research/grants/sightsavers-scoping-grant-funding-gaps-february-2022,Deworming,Coefficient Giving,"Democratic Republic of the Congo,Côte d’Ivoire,Sudan"
"Vitamin A Supplementation in Chad, 2022-2024",Nutrition International,$8951600,2022-01-27,https://www.givewell.org/research/grants/nutrition-international-VAS-chad-January-2022,"Nutrition,Supplementation,Vitamin A supplementation (VAS)",Coefficient Giving,Chad
Vitamin A Supplementation in 9 Countries,Helen Keller International,$46678390,2022-01-27,https://www.givewell.org/research/grants/Helen-Keller-International-vitamin-A-supplementation-January-2022,"Nutrition,Supplementation,Vitamin A supplementation (VAS)","Coefficient Giving,Board Designated,Other,Top Charities Fund,Effective Altruism Funds,Effektiv Spenden,Individual donor,Vanguard Charitable","Burkina Faso,Cameroon,Democratic Republic of the Congo,Côte d’Ivoire,Guinea,Kenya,Mali,Niger,Nigeria"
Support for Deworming and Worm Burden Mapping,Unlimit Health (formerly SCI Foundation),$19995935,2022-01-26,https://www.givewell.org/research/grants/sci-foundation-deworming-and-mapping-January-2022,Deworming,Coefficient Giving,"Burundi,Democratic Republic of the Congo,Côte d’Ivoire,Liberia,Madagascar,Malawi,Mauritania,Niger,Sudan,Tanzania,Uganda"
"Seasonal Malaria Chemoprevention Renewal in Nigeria, Burkina Faso, Chad, and Togo",Malaria Consortium,$80094663,2022-01-24,https://www.givewell.org/research/grants/Malaria-Consortium-SMC-renewal-Nigeria-Burkina-Chad-Togo-January-2022,"Malaria,Seasonal malaria chemoprevention (SMC)","Coefficient Giving,Board Designated,Top Charities Fund","Burkina Faso,Chad,Nigeria,Togo"
"Long-Lasting Insecticidal Nets for PMI-supported states in Nigeria, 2023",Against Malaria Foundation,$8340095,2022-01-19,https://www.givewell.org/research/grants/AMF-PMI-supported-states-Nigeria-January-2022,"Malaria,Insecticide-treated nets (ITNs)","Top Charities Fund,Effective Altruism Funds,Vanguard Charitable",Nigeria
Conditional Cash Transfers for Infant Immunizations,New Incentives,$9411000,2022-01-01,https://www.givewell.org/research/grants/new-incentives-nigeria-January-2022,"Conditional cash transfers (CCTs),Incentives,Vaccines",Top Charities Fund,Nigeria
"RTS,S Malaria Vaccines in Pilot Comparison Areas",PATH,$4998769,2022-01-01,https://www.givewell.org/research/grants/PATH-malaria-vaccines-January-2022,"Malaria,Vaccines",Coefficient Giving,"Ghana,Kenya,Malawi"
"Dispensers for Safe Water, General Support",Evidence Action,$64723380,2022-01-01,https://www.givewell.org/research/grants/evidence-action-dispensers-for-safe-water-January-2022,"Chlorination,Water",Coefficient Giving,"Kenya,Malawi,Uganda"
"Deworm the World in Pakistan, Nigeria, and Kenya",Evidence Action,$4831657,2021-12-31,https://www.givewell.org/research/grants/Evidence-Action-Deworm-the-World-Pakistan-Nigeria-Kenya-December-2021,Deworming,Top Charities Fund,"Kenya,Nigeria,Pakistan"
Deworming in Nigeria and Cameroon,Sightsavers,$7841115,2021-12-31,https://www.givewell.org/research/grants/sightsavers-deworming-cameroon-nigeria-December-2021,Deworming,Top Charities Fund,"Cameroon,Nigeria"
Accelerator Renewal for 2022-2025,Evidence Action,$14006277,2021-12-21,https://www.givewell.org/research/grants/Evidence-Action-Accelerator-renewal-december-2021,Organizational support,Coefficient Giving,
Incentive Grant,END Fund,$500000,2021-12-20,https://www.givewell.org/research/grants/incentive-grants-december-2021,Deworming,Coefficient Giving,
Incentive Grant,Unlimit Health (formerly SCI Foundation),$500000,2021-12-20,https://www.givewell.org/research/grants/incentive-grants-december-2021,Deworming,Coefficient Giving,
Incentive Grant,GiveDirectly,$500000,2021-12-20,https://www.givewell.org/research/grants/incentive-grants-december-2021,"Cash transfers,Incentives,Livelihoods,Unconditional cash transfers",Coefficient Giving,
Support for Expansion of Iron Fortification,Fortify Health,$8188000,2021-12-17,https://www.givewell.org/research/incubation-grants/Fortify-Health-expansion-December-2021,"Nutrition,Fortification,Iron",Coefficient Giving,India
"General Support, Alcohol Policy",Vital Strategies,$15000000,2021-12-14,https://www.givewell.org/research/grants/RESET-alcohol-December-2021,"Alcohol,Policy",Coefficient Giving,
Support for Research and Advocacy to Reduce Lead Exposure,Center for Global Development,$1200000,2021-11-01,https://www.givewell.org/research/incubation-grants/Center-for-Global-Development-lead-exposure-November-2021,"Lead,Policy,Research",Effective Altruism Funds,
Evaluation of Mobile Conditional Cash Transfers,University of Chicago,$1971943,2021-11-01,https://www.givewell.org/research/grants/University-of-Chicago-Evaluation-of-mCCTs-November-2021,"Conditional cash transfers (CCTs),Incentives,Vaccines",Coefficient Giving,Pakistan
"Monitoring and Evaluation of Net Distribution in Anambra, Nigeria",Malaria Consortium,$1199808,2021-11-01,https://www.givewell.org/research/grants/Malaria-Consortium-monitoring-nets-Anambra-Nigeria-November-2021,"Malaria,Insecticide-treated nets (ITNs)","Coefficient Giving,Individual donor",Nigeria
Bridge Grant for Tuberculosis Program,Interactive Research & Development (IRD Global),$562000,2021-11-01,https://www.givewell.org/research/grants/IRD-Global-zero-TB-April-2022,Tuberculosis,Effective Altruism Funds,Pakistan
"Support for Deworming in Kaduna, Zamfara, Niger, Kano, Adamawa, and Katsina in 2021-2023",Sightsavers,$4438085,2021-10-07,https://www.givewell.org/research/grants/sightsavers-deworming-six-nigerian-states-october-2021,Deworming,Coefficient Giving,Nigeria
"Support for Seasonal Malaria Chemoprevention in FCT and Oyo States, Nigeria",Malaria Consortium,$15900000,2021-10-07,https://www.givewell.org/research/incubation-grants/Malaria-Consortium-SMC-FCT-Oyo-states-October-2021,"Malaria,Seasonal malaria chemoprevention (SMC)",Coefficient Giving,Nigeria
Mobile Conditional Cash Transfers for Immunizations,Interactive Research & Development (IRD Global),$19056837,2021-10-01,https://www.givewell.org/research/grants/IRD-global-mCCTs-for-immunizations-october-2021,"Conditional cash transfers (CCTs),Incentives,Vaccines",Coefficient Giving,Pakistan
"Support for Long-Lasting Insecticidal Nets Campaigns in Nigeria (2022), Uganda (2023), and Togo (2023)",Against Malaria Foundation,$52829144,2021-10-01,https://www.givewell.org/research/grants/AMF-LLIN-campaigns-October-2021,"Malaria,Insecticide-treated nets (ITNs)","Board Designated,Top Charities Fund","Nigeria,Togo,Uganda"
Treatment of Malnutrition Scoping Grant,International Rescue Committee,$42000,2021-10-01,https://www.givewell.org/research/grants/international-rescue-committee-malnutrition-treatment-october-2021,"Nutrition,Malnutrition",Coefficient Giving,
Treatment of Malnutrition,International Rescue Committee,$18096282,2021-08-09,https://www.givewell.org/research/grants/international-rescue-committee-malnutrition-treatment-may-to-august-2021,"Nutrition,Malnutrition",Coefficient Giving,"Burkina Faso,Chad,Democratic Republic of the Congo,Niger,Somalia"
Scoping Grant to Assess Feasibility of Intermittent Preventive Treatment in Infants (IPTi) for Malaria,PATH,$120000,2021-08-01,https://www.givewell.org/research/incubation-grants/Malaria-Consortium-and-PATH-IPTi-scoping-September-2021,"Malaria,Perennial malaria chemoprevention (PMC)",Individual donor,"Democratic Republic of the Congo,Nigeria"
Support for Reducing Lead Exposure in Low- and Middle-Income Countries,Pure Earth Blacksmith Institute Inc,$8000000,2021-07-20,https://www.givewell.org/research/incubation-grants/Pure-Earth-lead-exposure-July-2021,Lead,"Coefficient Giving,Effective Altruism Funds,Individual donor","Bangladesh,India,Philippines"
Standout Charity Exit Grant,Global Alliance for Improved Nutrition (GAIN),$100000,2021-07-07,https://blog.givewell.org/2021/10/05/discontinuing-standout-charity-designation/,"Nutrition,Fortification",Coefficient Giving,
Standout Charity Exit Grant,Development Media International,$100000,2021-07-07,https://blog.givewell.org/2021/10/05/discontinuing-standout-charity-designation/,Mass media,Coefficient Giving,
Standout Charity Exit Grant,Living Goods,$100000,2021-07-07,https://blog.givewell.org/2021/10/05/discontinuing-standout-charity-designation/,"""Maternal, neonatal, and child health""",Coefficient Giving,
Standout Charity Exit Grant,Project Healthy Children Inc,$100000,2021-07-07,https://blog.givewell.org/2021/10/05/discontinuing-standout-charity-designation/,Nutrition,Coefficient Giving,
Standout Charity Exit Grant,Evidence Action,$100000,2021-07-07,https://blog.givewell.org/2021/10/05/discontinuing-standout-charity-designation/,Water,Coefficient Giving,
Standout Charity Exit Grant,Iodine Global Network,$100000,2021-07-07,https://blog.givewell.org/2021/10/05/discontinuing-standout-charity-designation/,"Nutrition,Fortification",Coefficient Giving,
Food Fortification Initiative Standout Charity Exit Grant,Emory University,$100000,2021-07-07,https://blog.givewell.org/2021/10/05/discontinuing-standout-charity-designation/,"Nutrition,Fortification",Coefficient Giving,
Zusha! Standout Charity Exit Grant,Georgetown University,$100000,2021-07-07,https://blog.givewell.org/2021/10/05/discontinuing-standout-charity-designation/,,Coefficient Giving,
Standout Charity Exit Grant,Precision Development (PxD),$100000,2021-07-07,https://blog.givewell.org/2021/10/05/discontinuing-standout-charity-designation/,Agriculture,Coefficient Giving,
"Support for Monitoring and Evaluation of Long-Lasting Insecticidal Nets Distribution Campaign in Ondo State, Nigeria",Malaria Consortium,$2051853,2021-07-07,https://www.givewell.org/research/incubation-grants/Malaria-Consortium-monitoring-Ondo-July-2021,"Malaria,Insecticide-treated nets (ITNs)",Coefficient Giving,Nigeria
Long-Lasting Insecticidal Nets Campaigns in 2023,Against Malaria Foundation,$2280661,2021-07-01,https://www.givewell.org/maximum-impact-fund/allocation-q2-2021,"Malaria,Insecticide-treated nets (ITNs)",Top Charities Fund,
Scale-Up of Conditional Cash Transfers for Infant Immunization,New Incentives,$11400000,2021-07-01,https://www.givewell.org/maximum-impact-fund/allocation-q2-2021,"Conditional cash transfers (CCTs),Incentives,Vaccines","Top Charities Fund,Individual donor",Nigeria
Seasonal Malaria Chemoprevention Campaigns in 2023,Malaria Consortium,$2280661,2021-07-01,https://www.givewell.org/maximum-impact-fund/allocation-q2-2021,"Malaria,Seasonal malaria chemoprevention (SMC)",Top Charities Fund,"Burkina Faso,Chad,Nigeria,Togo"
Mobile Conditional Cash Transfers for Immunizations (Bridge Grant),Interactive Research & Development (IRD Global),$336402,2021-06-23,https://www.givewell.org/research/grants/IRD-global-mCCTs-for-immunizations-october-2021,"Conditional cash transfers (CCTs),Incentives,Vaccines",Coefficient Giving,Pakistan
"Reallocation of Malaria Consortium SMC funding to support SMC in Borno, Nigeria in 2021",Malaria Consortium,$0,2021-06-01,https://www.givewell.org/research/incubation-grants/Malaria-Consortium-SMC-Borno-reallocation-June-2021,"Malaria,Seasonal malaria chemoprevention (SMC)",,Nigeria
Malnutrition Treatment in Chad,ALIMA USA,$7968073,2021-05-27,https://www.givewell.org/research/grants/alliance-for-international-medical-action-malnutrition-chad-may-2021-niger-nigeria-november-2022,"Nutrition,Malnutrition","Coefficient Giving,Individual donor",Chad
Treatment of Malnutrition (Bridge Grant),International Rescue Committee,$1811140,2021-05-26,https://www.givewell.org/research/grants/international-rescue-committee-malnutrition-treatment-may-to-august-2021,"Nutrition,Malnutrition",Coefficient Giving,"Burkina Faso,Chad,Democratic Republic of the Congo,Niger,Somalia"
Research on Spillover Effects of Cash Transfers,University of Oxford,$121626,2021-05-06,https://www.givewell.org/research/grants/oxford-university-spillover-effects-June-2021,"Cash transfers,Incentives,Livelihoods,Research,Unconditional cash transfers",Board Designated,Kenya
General Support,One For the World (MAIN),$260798,2021-05-05,https://www.givewell.org/about/impact/one-for-the-world/may-2021-grant,Organizational support,Coefficient Giving,
Scale-Up of Face Masks in South Asia,Innovations for Poverty Action,$100000,2021-05-01,https://www.givewell.org/research/incubation-grants/IPA-masks-South-Asia-July-2021,"COVID-19,Policy",Effective Altruism Funds,"Bangladesh,India,Pakistan"
"Long-Lasting Insecticidal Nets in Democratic Republic of the Congo, 2023",Against Malaria Foundation,$1046031,2021-04-01,https://www.givewell.org/maximum-impact-fund/allocation-q1-2021,"Malaria,Insecticide-treated nets (ITNs)",Top Charities Fund,Democratic Republic of the Congo
Deworming in Chad 2022-2024,Sightsavers,$1500000,2021-04-01,https://www.givewell.org/maximum-impact-fund/allocation-q1-2021,Deworming,Top Charities Fund,Chad
Vitamin A Supplementation Campaigns in Cameroon and Nigeria,Helen Keller International,$11000000,2021-04-01,https://www.givewell.org/maximum-impact-fund/allocation-q1-2021,"Nutrition,Supplementation,Vitamin A supplementation (VAS)",Top Charities Fund,"Cameroon,Nigeria"
"Support for Long-Lasting Insecticidal Nets Distribution Campaigns in Ondo and Anambra States, Nigeria",Malaria Consortium,$27675074,2021-03-30,https://www.givewell.org/research/incubation-grants/Malaria-Consortium-LLIN-Nigeria-March-2021,"Malaria,Insecticide-treated nets (ITNs)","Coefficient Giving,Individual donor",Nigeria
Long-Lasting Insecticidal Nets in Democratic Republic of the Congo and Nigeria,Against Malaria Foundation,$49683300,2021-01-31,https://www.givewell.org/maximum-impact-fund/grants-jan-feb-2021#Against_Malaria_Foundation,"Malaria,Insecticide-treated nets (ITNs)","Top Charities Fund,Effective Altruism Funds,RC Forward,Effektiv Spenden,Effective Altruism Australia,Individual donor,Vanguard Charitable","Democratic Republic of the Congo,Nigeria"
"Seasonal Malaria Chemoprevention in Nigeria, Burkina Faso, Togo, and Chad",Malaria Consortium,$23417674,2021-01-31,https://www.givewell.org/maximum-impact-fund/grants-jan-feb-2021#Malaria_Consortium-s_seasonal_malaria_chemoprevention_SMC_program,"Malaria,Seasonal malaria chemoprevention (SMC)","Coefficient Giving,Effective Altruism Funds","Burkina Faso,Chad,Nigeria,Togo"
General Support,University of Edinburgh,$6743954,2021-01-05,https://www.givewell.org/research/incubation-grants/CPSP-general-support-jan-2021,"Policy,Suicide prevention",Coefficient Giving,"China,India,Nepal"
Support for a Consortium on Alcohol Control Policy,Vital Strategies,$100000,2021-01-05,https://www.givewell.org/research/incubation-grants/vital-strategies-consortium-on-alcohol-control-policy-jan-2021,"Alcohol,Policy",Coefficient Giving,
Treatment of Malnutrition in Niger,ALIMA USA,$1008450,2020-12-30,https://www.givewell.org/research/incubation-grants/ALIMA-malnutrition-Niger-June-2021,"Nutrition,Malnutrition",Coefficient Giving,Niger
Randomized Controlled Trial on the Effect of Face Masks on COVID-19,Innovations for Poverty Action,$800000,2020-12-01,https://www.givewell.org/research/incubation-grants/innovations-for-poverty-action-masks-rct-july-2020,"COVID-19,Research",Effective Altruism Funds,Bangladesh
Incentive Grant,END Fund,$500000,2020-11-01,https://www.givewell.org/charities/top-charities/2020/open-philanthropy-recommendation#END_Fund-s_deworming_program,Deworming,Coefficient Giving,
Deworm the World,Evidence Action,$4103000,2020-11-01,https://www.givewell.org/charities/top-charities/2020/open-philanthropy-recommendation#Evidence_Action-s_Deworm_the_World_Initiative,Deworming,Coefficient Giving,"Ghana,Kenya,Nigeria"
Randomized Controlled Trial on the Effect of Face Masks on COVID-19,Innovations for Poverty Action,$140000,2020-11-01,https://www.givewell.org/research/incubation-grants/innovations-for-poverty-action-masks-rct-july-2020,"COVID-19,Research",Effective Altruism Funds,Bangladesh
General Support,Global Alliance for Improved Nutrition (GAIN),$50000,2020-11-01,https://www.givewell.org/charities/top-charities/2020/open-philanthropy-recommendation#Standout_charities,"Nutrition,Fortification",Coefficient Giving,
Iodization Programming,Iodine Global Network,$50000,2020-11-01,https://www.givewell.org/charities/top-charities/2020/open-philanthropy-recommendation#Standout_charities,"Nutrition,Fortification",Coefficient Giving,
General Support,Living Goods,$50000,2020-11-01,https://www.givewell.org/charities/top-charities/2020/open-philanthropy-recommendation#Standout_charities,"""Maternal, neonatal, and child health""",Coefficient Giving,
Incentive Grant,GiveDirectly,$500000,2020-11-01,https://www.givewell.org/charities/top-charities/2020/open-philanthropy-recommendation#GiveDirectly,"Cash transfers,Unconditional cash transfers",Coefficient Giving,
Dispensers for Safe Water,Evidence Action,$50000,2020-11-01,https://www.givewell.org/charities/top-charities/2020/open-philanthropy-recommendation#Standout_charities,Water,Coefficient Giving,
"Seasonal Malaria Chemoprevention in Nigeria, Burkina Faso, Chad, and Togo",Malaria Consortium,$30869120,2020-11-01,https://www.givewell.org/charities/top-charities/2020/open-philanthropy-recommendation#Malaria_Consortium-s_seasonal_malaria_chemoprevention_program,"Malaria,Seasonal malaria chemoprevention (SMC)","Coefficient Giving,Top Charities Fund","Burkina Faso,Chad,Nigeria,Togo"
General Support,Project Healthy Children Inc,$50000,2020-11-01,https://www.givewell.org/charities/top-charities/2020/open-philanthropy-recommendation#Standout_charities,Nutrition,Coefficient Giving,
Deworming Program,Sightsavers,$2796000,2020-11-01,https://www.givewell.org/charities/top-charities/2020/open-philanthropy-recommendation#Sightsavers-_deworming_program,Deworming,Coefficient Giving,"Cameroon,Democratic Republic of the Congo,Nigeria"
General Support,Against Malaria Foundation,$6651000,2020-11-01,https://www.givewell.org/charities/top-charities/2020/open-philanthropy-recommendation#Against_Malaria_Foundation,"Malaria,Insecticide-treated nets (ITNs)",Coefficient Giving,"Democratic Republic of the Congo,Guinea"
Public Health Broadcasting,Development Media International,$50000,2020-11-01,https://www.givewell.org/charities/top-charities/2020/open-philanthropy-recommendation#Standout_charities,Mass media,Coefficient Giving,
Food Fortification Initiative General Support,Emory University,$50000,2020-11-01,https://www.givewell.org/charities/top-charities/2020/open-philanthropy-recommendation#Standout_charities,"Nutrition,Fortification",Coefficient Giving,
Vitamin A Supplementation in 7 Countries,Helen Keller International,$8059000,2020-11-01,https://www.givewell.org/charities/top-charities/2020/open-philanthropy-recommendation,"Nutrition,Supplementation,Vitamin A supplementation (VAS)",Coefficient Giving,"Burkina Faso,Democratic Republic of the Congo,Côte d’Ivoire,Guinea,Mali,Niger,Nigeria"
General Support,Unlimit Health (formerly SCI Foundation),$3129000,2020-11-01,https://www.givewell.org/charities/top-charities/2020/open-philanthropy-recommendation#SCI_Foundation,Deworming,Coefficient Giving,
Zusha! General Support,Georgetown University,$50000,2020-11-01,https://www.givewell.org/charities/top-charities/2020/open-philanthropy-recommendation#Standout_charities,"Infrastructure,Policy",Coefficient Giving,
Scale-Up of Conditional Cash Transfers for Infant Immunization,New Incentives,$16785243,2020-10-16,https://www.givewell.org/charities/top-charities/2020/open-philanthropy-recommendation#New_Incentives,"Conditional cash transfers (CCTs),Incentives,Vaccines",Coefficient Giving,Nigeria
General Support,University of Edinburgh,$198320,2020-10-01,https://www.givewell.org/research/incubation-grants/CPSP-general-support-jan-2021,"Policy,Suicide prevention",Effective Altruism Funds,"India,Nepal"
Seasonal Malaria Chemoprevention,Malaria Consortium,$8000000,2020-09-01,https://blog.givewell.org/2020/10/13/maximum-impact-fund-update-we-estimate-givewell-donors-15-3-million-to-the-against-malaria-foundation-will-save-over-3000-lives/,"Malaria,Seasonal malaria chemoprevention (SMC)",,"Burkina Faso,Chad,Nigeria,Togo"
Top Charities Fund grant September 2020,Against Malaria Foundation,$15300000,2020-09-01,https://blog.givewell.org/2020/10/13/maximum-impact-fund-update-we-estimate-givewell-donors-15-3-million-to-the-against-malaria-foundation-will-save-over-3000-lives/,"Malaria,Insecticide-treated nets (ITNs)","Board Designated,Top Charities Fund","Democratic Republic of the Congo,Guinea"
Insecticide-Treated Nets,Against Malaria Foundation,$1649872,2020-09-01,,"Malaria,Insecticide-treated nets (ITNs)",Individual donor,
Expansion of Kenya Study of Water Treatment and Child Survival,Tufts University,$203796,2020-09-01,https://www.givewell.org/research/incubation-grants/tufts-university-kswtcs-expansion-sept-2020,"Chlorination,Research,Water",,Kenya
Syphilis Screening and Treatment in Pregnancy in Liberia,Evidence Action,$3793617,2020-08-01,https://www.givewell.org/research/incubation-grants/Evidence-Action-syphilis-aug-2020,"HIV/AIDS,""Maternal, neonatal, and child health"",Syphilis",Individual donor,Liberia
Randomized Controlled Trial on the Effect of Face Masks on COVID-19,Innovations for Poverty Action,$2000000,2020-07-01,https://www.givewell.org/research/incubation-grants/innovations-for-poverty-action-masks-rct-july-2020,"COVID-19,Research",Effective Altruism Funds,Bangladesh
Support for Governments Responding to COVID-19,ID Insight Inc,$1206000,2020-06-01,https://www.givewell.org/research/incubation-grants/covid-19-grantmaking-2020#IDinsight_Support_for_Governments_Responding_to_COVID-19_June_2020,"COVID-19,Policy",,"Burkina Faso,Côte d’Ivoire,Ethiopia,Madagascar,Malawi,Mozambique,Tanzania,Uganda,Zambia"
Long-Lasting Insecticidal Nets Funding Gap Scoping,Malaria Consortium,$44688,2020-06-01,https://www.givewell.org/research/incubation-grants/malaria-consortium/june-2020-grant,"Malaria,Insecticide-treated nets (ITNs)",,
Support for COVID-19 Data Collection and Analysis for Government Partners,ID Insight Inc,$150000,2020-04-01,https://www.givewell.org/research/incubation-grants/covid-19-grantmaking-2020#IDinsight_Support_for_Data_Collection_and_Analysis_for_Government_Partners_April_2020,"COVID-19,Policy",,
Support for Government of Bangladesh's COVID-19 Response,Yale University,$100000,2020-04-01,https://www.givewell.org/research/incubation-grants/covid-19-grantmaking-2020#Yale_Research_Initiative_on_Innovation_and_Scale_Support_for_Government_of_Bangladesh_Response_April_2020,"COVID-19,Policy",,Bangladesh
Conditional Cash Transfers for Infant Immunizations,New Incentives,$1897905,2020-04-01,https://www.givewell.org/research/incubation-grants/new-incentives/april-2020-grant,"Conditional cash transfers (CCTs),Incentives,Research,Vaccines",,Nigeria
Public Health Broadcasting,Development Media International,$200000,2020-04-01,https://www.givewell.org/research/incubation-grants/covid-19-grantmaking-2020#Development_Media_International_Public_Health_Broadcasting_April_2020,"COVID-19,Mass media",,"Burkina Faso,Côte d’Ivoire,Ethiopia,Madagascar,Malawi,Mozambique,Tanzania,Uganda,Zambia"
Top Charities Fund grant March 2020,Helen Keller International,$1500000,2020-03-01,https://blog.givewell.org/2020/03/17/allocation-of-discretionary-funds-from-q4-2019/,"Nutrition,Supplementation,Vitamin A supplementation (VAS)",,Côte d’Ivoire
Research Support Exit Grant,"University of California, Berkeley",$88000,2020-03-01,https://www.givewell.org/research/incubation-grants/march-2020-ted-miguel-research-support,"Cash transfers,Deworming,Incentives,Unconditional cash transfers",,
Top Charities Fund grant March 2020,Malaria Consortium,$11900000,2020-03-01,https://blog.givewell.org/2020/03/17/allocation-of-discretionary-funds-from-q4-2019/,"Malaria,Seasonal malaria chemoprevention (SMC)",,"Burkina Faso,Chad,Nigeria,Togo"
Top Charities Fund grant December 2019,Helen Keller International,$2658974,2019-12-01,https://blog.givewell.org/2019/12/19/allocation-of-discretionary-funds-from-q3-2019/,"Nutrition,Supplementation,Vitamin A supplementation (VAS)",,"Burkina Faso,Democratic Republic of the Congo,Côte d’Ivoire,Guinea,Mali,Niger,Nigeria"
Project Healthy Children—2019 recommendation to Open Philanthropy for Grants to,Project Healthy Children Inc,$100000,2019-11-01,https://www.givewell.org/charities/top-charities/2019/open-philanthropy-recommendation,"Nutrition,Fortification,Iron",,
Against Malaria Foundation—2019 recommendation to Open Philanthropy for Grants t,Against Malaria Foundation,$2500000,2019-11-01,https://www.givewell.org/charities/top-charities/2019/open-philanthropy-recommendation,"Malaria,Insecticide-treated nets (ITNs)",,
Food Fortification Initiative—2019 recommendation to Open Philanthropy for Grant,Emory University,$100000,2019-11-01,https://www.givewell.org/charities/top-charities/2019/open-philanthropy-recommendation,"Nutrition,Fortification,Iron",,
Zusha! Road Safety Campaign—2019 recommendation to Open Philanthropy for Grants,Georgetown University,$100000,2019-11-01,https://www.givewell.org/charities/top-charities/2019/open-philanthropy-recommendation,"Infrastructure,Policy",,
END Fund's deworming program—2019 recommendation to Open Philanthropy for Grants,END Fund,$2500000,2019-11-01,https://www.givewell.org/charities/top-charities/2019/open-philanthropy-recommendation,Deworming,,
GAIN's universal salt iodization program—2019 recommendation to Open Philanthrop,Global Alliance for Improved Nutrition (GAIN),$100000,2019-11-01,https://www.givewell.org/charities/top-charities/2019/open-philanthropy-recommendation,"Nutrition,Fortification",,
Evidence Action's Dispensers for Safe Water—2019 recommendation to Open Philanth,Evidence Action,$100000,2019-11-01,https://www.givewell.org/charities/top-charities/2019/open-philanthropy-recommendation,"Chlorination,Water",,
Iodine Global Network—2019 recommendation to Open Philanthropy for Grants to Top,Iodine Global Network,$100000,2019-11-01,https://www.givewell.org/charities/top-charities/2019/open-philanthropy-recommendation,"Nutrition,Fortification",,
Sightsavers' Deworming program—2019 recommendation to Open Philanthropy for Gran,Sightsavers,$2710100,2019-11-01,https://www.givewell.org/charities/top-charities/2019/open-philanthropy-recommendation,Deworming,,"Cameroon,Democratic Republic of the Congo,Nigeria"
GiveDirectly—2019 recommendation to Open Philanthropy for Grants to Top Charitie,GiveDirectly,$2500000,2019-11-01,https://www.givewell.org/charities/top-charities/2019/open-philanthropy-recommendation,"Cash transfers,Incentives,Livelihoods,Unconditional cash transfers",,
Helen Keller Intl's VAS program—2019 recommendation to Open Philanthropy for Gra,Helen Keller International,$9709000,2019-11-01,https://www.givewell.org/charities/top-charities/2019/open-philanthropy-recommendation,"Nutrition,Supplementation,Vitamin A supplementation (VAS)",,"Burkina Faso,Democratic Republic of the Congo,Côte d’Ivoire,Guinea,Mali,Niger,Nigeria"
Development Media International—2019 recommendation to Open Philanthropy for Gra,Development Media International,$100000,2019-11-01,https://www.givewell.org/charities/top-charities/2019/open-philanthropy-recommendation,Mass media,,
Malaria Consortium's SMC program—2019 recommendation to Open Philanthropy for Gr,Malaria Consortium,$33926000,2019-11-01,https://www.givewell.org/charities/top-charities/2019/open-philanthropy-recommendation,"Malaria,Seasonal malaria chemoprevention (SMC)",,"Burkina Faso,Chad,Nigeria,Togo"
Living Goods—2019 recommendation to Open Philanthropy for Grants to Top Charitie,Living Goods,$100000,2019-11-01,https://www.givewell.org/charities/top-charities/2019/open-philanthropy-recommendation,"""Maternal, neonatal, and child health""",,
One for the World—General Support (2019),One For the World (MAIN),$355000,2019-10-01,https://www.givewell.org/about/impact/one-for-the-world/october-2019-grant,Organizational support,,
Fortify Health—General Support (August 2019),Fortify Health,$1005716,2019-08-01,https://www.givewell.org/research/incubation-grants/fortify-health/august-2019-grant,"Nutrition,Fortification,Iron",,India
IDinsight—Endline Evaluation of New Incentives RCT,ID Insight Inc,$2105962,2019-08-01,https://www.givewell.org/research/incubation-grants/IDinsight-new-incentives-august-2019,"Conditional cash transfers (CCTs),Incentives,Research,Vaccines",,Nigeria
Top Charities Fund grant August 2019,Against Malaria Foundation,$2299815,2019-08-01,https://blog.givewell.org/2019/08/21/allocation-of-discretionary-funds-from-q2-2019/,"Malaria,Insecticide-treated nets (ITNs)",,Democratic Republic of the Congo
Charity Science Health—Exit Grant,Charity Science Health,$214425,2019-07-01,https://www.givewell.org/research/incubation-grants/charity-science-exit-grant-july-2019,"SMS reminders,Vaccines",,India
Top Charities Fund grant June 2019,Against Malaria Foundation,$4677752,2019-06-01,https://blog.givewell.org/2019/06/12/allocation-of-discretionary-funds-from-q1-2019/,"Malaria,Insecticide-treated nets (ITNs)","Top Charities Fund,Vanguard Charitable",Democratic Republic of the Congo
Instiglio—Designing a Health Outcomes Fund,Instiglio,$60000,2019-04-01,https://www.givewell.org/research/incubation-grants/april-2019-instiglio,"Organizational support,Technical assistance",,
IDinsight—Beneficiary Preferences Survey (Mar 2019),ID Insight Inc,$474374,2019-03-01,https://www.givewell.org/research/incubation-grants/IDinsight-beneficiary-preferences-march-2019,"Moral weights,Research",,"Ghana,Kenya"
Evidence Action—Strengthen Operations (2019),Evidence Action,$7751915,2019-03-01,https://www.givewell.org/research/incubation-grants/march-2019-evidence-action,Organizational support,,
Top Charities Fund grant March 2019,Malaria Consortium,$7600000,2019-03-01,https://blog.givewell.org/2019/03/29/allocation-of-discretionary-funds-from-q4-2018/,"Malaria,Seasonal malaria chemoprevention (SMC)",,"Burkina Faso,Chad,Nigeria"
Malaria Consortium—Grant from Effective Altruism Global Health and Development F,Malaria Consortium,$1700000,2019-03-01,https://blog.givewell.org/2019/03/29/allocation-of-discretionary-funds-from-q4-2018/,"Malaria,Seasonal malaria chemoprevention (SMC)",,"Burkina Faso,Chad,Nigeria"
"Evidence Action—Impact Evaluation of Iron and Folic Acid Supplementation (""Phase",Evidence Action,$800000,2019-03-01,https://www.givewell.org/research/incubation-grants/march-2019-evidence-action-beta-iron-folic-acid-impact-evaluation,"Nutrition,Iron,Supplementation",,India
Malaria Consortium—Grant from Centre for Effective Altruism,Malaria Consortium,$800000,2019-03-01,https://blog.givewell.org/2019/03/29/allocation-of-discretionary-funds-from-q4-2018/,"Malaria,Seasonal malaria chemoprevention (SMC)",,"Burkina Faso,Chad,Nigeria"
IDinsight—New Incentives RCT (February to May 2019),ID Insight Inc,$184324,2019-02-01,https://www.givewell.org/research/incubation-grants/IDinsight-new-incentives-may-2019,"Conditional cash transfers (CCTs),Incentives,Research,Vaccines",,Nigeria
UC Berkeley—Research Support,"University of California, Berkeley",$170000,2019-02-01,https://www.givewell.org/research/incubation-grants/february-2019-ted-miguel-research-support,Deworming,,
Results for Development—Childhood Pneumonia Treatment Program (2019),Results for Development Institute Inc,$5605398,2019-01-01,https://www.givewell.org/research/incubation-grants/results-for-development/january-2019-grant,Antibiotics,,Tanzania
"Evidence Action Beta—Iron and Folic Acid Supplementation (""Phase 2"")",Evidence Action,$3408259,2018-12-01,https://www.givewell.org/research/incubation-grants/december-2018-evidence-action-beta-iron-folic-acid-phase-2,"Nutrition,Iron,Supplementation",,India
Innovation in Government Initiative—General Support,Innovation in Government Initiative (IGI),$1000000,2018-12-01,https://www.givewell.org/research/incubation-grants/innovation-in-government-initiative/december-2018-grant,Policy,,
Schistosomiasis Control Initiative—Recommendations to Good Ventures for Grants i,Unlimit Health (formerly SCI Foundation),$2500000,2018-11-01,https://blog.givewell.org/2018/11/26/our-updated-top-charities-for-giving-season-2018/#rfmf,Deworming,,
GAIN's universal salt iodization program—Recommendations to Good Ventures for Gr,Global Alliance for Improved Nutrition (GAIN),$100000,2018-11-01,https://blog.givewell.org/2018/11/26/our-recommendation-to-good-ventures/,"Nutrition,Fortification",,
Development Media International—Recommendations to Good Ventures for Grants in N,Development Media International,$100000,2018-11-01,https://blog.givewell.org/2018/11/26/our-recommendation-to-good-ventures/,Mass media,,
Sightsavers' deworming program—Recommendations to Good Ventures for Grants in No,Sightsavers,$9700000,2018-11-01,https://blog.givewell.org/2018/11/26/our-updated-top-charities-for-giving-season-2018/#rfmf,Deworming,,
Top Charities Fund grant November 2018,Malaria Consortium,$1100000,2018-11-01,https://blog.givewell.org/2018/11/26/our-updated-top-charities-for-giving-season-2018/,"Malaria,Seasonal malaria chemoprevention (SMC)",,"Burkina Faso,Chad,Nigeria"
Iodine Global Network—Recommendations to Good Ventures for Grants in November 20,Iodine Global Network,$100000,2018-11-01,https://blog.givewell.org/2018/11/26/our-recommendation-to-good-ventures/,"Nutrition,Fortification",,
Evidence Action's Dispensers for Safe Water—Recommendations to Good Ventures for,Evidence Action,$100000,2018-11-01,https://blog.givewell.org/2018/11/26/our-recommendation-to-good-ventures/,"Chlorination,Water",,
Malaria Consortium's SMC program—Recommendations to Good Ventures for Grants in,Malaria Consortium,$26600000,2018-11-01,https://blog.givewell.org/2018/11/26/our-updated-top-charities-for-giving-season-2018/#rfmf,"Malaria,Seasonal malaria chemoprevention (SMC)",,"Burkina Faso,Chad,Nigeria"
GiveDirectly—Recommendations to Good Ventures for Grants in November 2018,GiveDirectly,$2500000,2018-11-01,https://blog.givewell.org/2018/11/26/our-updated-top-charities-for-giving-season-2018/#rfmf,"Cash transfers,Incentives,Livelihoods,Unconditional cash transfers",,
Evidence Action's Deworm the World Initiative—Recommendations to Good Ventures f,Evidence Action,$10400000,2018-11-01,https://blog.givewell.org/2018/11/26/our-updated-top-charities-for-giving-season-2018/#rfmf,Deworming,,
END Fund's deworming program—Recommendations to Good Ventures for Grants in Nove,END Fund,$2500000,2018-11-01,https://blog.givewell.org/2018/11/26/our-updated-top-charities-for-giving-season-2018/#rfmf,Deworming,,
Living Goods—Recommendations to Good Ventures for Grants in November 2018,Living Goods,$100000,2018-11-01,https://blog.givewell.org/2018/11/26/our-recommendation-to-good-ventures/,"""Maternal, neonatal, and child health""",,"Kenya,Uganda"
Project Healthy Children—Recommendations to Good Ventures for Grants in November,Project Healthy Children Inc,$100000,2018-11-01,https://blog.givewell.org/2018/11/26/our-recommendation-to-good-ventures/,"Nutrition,Fortification,Iron",,
Food Fortification Initiative—Recommendations to Good Ventures for Grants in Nov,Emory University,$100000,2018-11-01,https://blog.givewell.org/2018/11/26/our-recommendation-to-good-ventures/,"Nutrition,Fortification,Iron",,
Helen Keller Intl's VAS program—Recommendations to Good Ventures for Grants in N,Helen Keller International,$6500000,2018-11-01,https://blog.givewell.org/2018/11/26/our-updated-top-charities-for-giving-season-2018/#rfmf,"Nutrition,Supplementation,Vitamin A supplementation (VAS)",,
Zusha! Road Safety Campaign—Recommendations to Good Ventures for Grants in Novem,Georgetown University,$100000,2018-11-01,https://blog.givewell.org/2018/11/26/our-recommendation-to-good-ventures/,"Infrastructure,Policy",,
Against Malaria Foundation—Recommendations to Good Ventures for Grants in Novemb,Against Malaria Foundation,$2500000,2018-11-01,https://blog.givewell.org/2018/11/26/our-updated-top-charities-for-giving-season-2018/#rfmf,"Malaria,Insecticide-treated nets (ITNs)",,
Top Charities Fund grant August 2018,Unlimit Health (formerly SCI Foundation),$1230000,2018-08-01,https://blog.givewell.org/2018/08/28/allocation-of-discretionary-funds-from-q2-2018/,Deworming,,
Top Charities Fund grant August 2018,Against Malaria Foundation,$2872063,2018-08-01,https://blog.givewell.org/2018/08/28/allocation-of-discretionary-funds-from-q2-2018/,"Malaria,Insecticide-treated nets (ITNs)",,
One for the World—General Support (2018),One For the World (MAIN),$205000,2018-07-01,https://www.givewell.org/about/impact/one-for-the-world/july-2018-grant,Organizational support,,
Evidence Action Beta—Incubator Program,Evidence Action,$5069866,2018-07-01,https://www.givewell.org/research/incubation-grants/july-2018-evidence-action-beta-incubator,Organizational support,,
Fortify Health—General Support,Fortify Health,$295217,2018-06-01,https://www.givewell.org/research/incubation-grants/fortify-health/june-2018-grant,"Nutrition,Fortification,Iron",,India
Top Charities Fund grant May 2018,Unlimit Health (formerly SCI Foundation),$900000,2018-05-01,https://blog.givewell.org/2018/06/04/allocation-of-discretionary-funds-from-q1-2018/,Deworming,,
Nick Otis—Forecasting Research,Nick Otis,$10000,2018-05-01,https://www.givewell.org/research/incubation-grants/may-2018-forecasting-research-grant,"Forecasting,Research",,
Top Charities Fund grant May 2018,Against Malaria Foundation,$2055043,2018-05-01,https://blog.givewell.org/2018/06/04/allocation-of-discretionary-funds-from-q1-2018/,"Malaria,Insecticide-treated nets (ITNs)",,
IDinsight—Embedded GiveWell Team (April 2018),ID Insight Inc,$1196729,2018-04-01,https://www.givewell.org/research/incubation-grants/IDinsight-embedded-givewell-team-2018,,,
Evidence Action Beta—Iron and Folic Acid Supplementation,Evidence Action,$320000,2018-03-01,https://www.givewell.org/research/incubation-grants/march-2018-evidence-action-beta-iron-folic-acid,"Nutrition,Iron,Supplementation",,India
Top Charities Fund grant March 2018,Unlimit Health (formerly SCI Foundation),$5600000,2018-03-01,https://blog.givewell.org/2018/04/06/allocation-of-discretionary-funds-from-q4-2017/,Deworming,,
Evidence Action—General Operating Support,Evidence Action,$800000,2017-12-01,https://www.givewell.org/charities/evidence-action/dec-2017-grant,"Deworming,Livelihoods,Migration",,
END Fund's deworming program—Recommendations to Good Ventures for Grants in Nove,END Fund,$2500000,2017-11-01,https://blog.givewell.org/2017/11/27/our-top-charities-for-giving-season-2017/#rfmf,Deworming,,
GiveDirectly—Recommendations to Good Ventures for Grants in November 2017,GiveDirectly,$2500000,2017-11-01,https://blog.givewell.org/2017/11/27/our-top-charities-for-giving-season-2017/#rfmf,"Cash transfers,Incentives,Livelihoods,Unconditional cash transfers",,
Iodine Global Network—Recommendations to Good Ventures for Grants in November 20,Iodine Global Network,$100000,2017-11-01,https://blog.givewell.org/2017/11/27/our-top-charities-for-giving-season-2017/#rfmf,"Nutrition,Fortification",,
Schistosomiasis Control Initiative—Recommendations to Good Ventures for Grants i,Unlimit Health (formerly SCI Foundation),$2500000,2017-11-01,https://blog.givewell.org/2017/11/27/our-top-charities-for-giving-season-2017/#rfmf,Deworming,,
Against Malaria Foundation—Recommendations to Good Ventures for Grants in Novemb,Against Malaria Foundation,$2500000,2017-11-01,https://blog.givewell.org/2017/11/27/our-top-charities-for-giving-season-2017/#rfmf,"Malaria,Insecticide-treated nets (ITNs)",,
Sightsavers' deworming program—Recommendations to Good Ventures for Grants in No,Sightsavers,$2500000,2017-11-01,https://blog.givewell.org/2017/11/27/our-top-charities-for-giving-season-2017/#rfmf,Deworming,,
Malaria Consortium's SMC program—Recommendations to Good Ventures for Grants in,Malaria Consortium,$27900000,2017-11-01,https://blog.givewell.org/2017/11/27/our-top-charities-for-giving-season-2017/#rfmf,"Malaria,Seasonal malaria chemoprevention (SMC)",,"Burkina Faso,Chad,Nigeria"
Helen Keller Intl's VAS program—Recommendations to Good Ventures for Grants in N,Helen Keller International,$7200000,2017-11-01,https://blog.givewell.org/2017/11/27/our-top-charities-for-giving-season-2017/#rfmf,"Nutrition,Supplementation,Vitamin A supplementation (VAS)",,"Burkina Faso,Guinea,Mali"
New Incentives—General Support (November 2017),New Incentives,$5944203,2017-11-01,https://www.givewell.org/charities/new-incentives/november-2017-grant,"Conditional cash transfers (CCTs),Incentives,Research,Vaccines",,Nigeria
Development Media International—Recommendations to Good Ventures for Grants in N,Development Media International,$100000,2017-11-01,https://blog.givewell.org/2017/11/27/our-top-charities-for-giving-season-2017/#rfmf,Mass media,,Burkina Faso
Evidence Action's No Lean Season program—Recommendations to Good Ventures for Gr,Evidence Action,$11500000,2017-11-01,https://blog.givewell.org/2017/11/27/our-top-charities-for-giving-season-2017/#rfmf,"Livelihoods,Migration",,Bangladesh
Evidence Action’s Dispensers for Safe Water program—Recommendations to Good Vent,Evidence Action,$100000,2017-11-01,https://blog.givewell.org/2017/11/27/our-top-charities-for-giving-season-2017/#rfmf,"Chlorination,Water",,
Living Goods—Recommendations to Good Ventures for Grants in November 2017,Living Goods,$100000,2017-11-01,https://blog.givewell.org/2017/11/27/our-top-charities-for-giving-season-2017/#rfmf,"""Maternal, neonatal, and child health""",,
Food Fortification Initiative—Recommendations to Good Ventures for Grants in Nov,Emory University,$100000,2017-11-01,https://blog.givewell.org/2017/11/27/our-top-charities-for-giving-season-2017/#rfmf,"Nutrition,Fortification,Iron",,
Project Healthy Children—Recommendations to Good Ventures for Grants in November,Project Healthy Children Inc,$100000,2017-11-01,https://blog.givewell.org/2017/11/27/our-top-charities-for-giving-season-2017/#rfmf,"Nutrition,Fortification,Iron",,
Top Charities Fund grant November 2017,Evidence Action,$700000,2017-11-01,https://blog.givewell.org/2017/11/27/our-top-charities-for-giving-season-2017/,Deworming,,"India,Kenya,Pakistan"
GAIN's universal salt iodization program—Recommendations to Good Ventures for Gr,Global Alliance for Improved Nutrition (GAIN),$100000,2017-11-01,https://blog.givewell.org/2017/11/27/our-top-charities-for-giving-season-2017/#rfmf,"Nutrition,Fortification",,"Ethiopia,Kenya,Mozambique,Tanzania"
Evidence Action's Deworm the World Initiative—Recommendations to Good Ventures f,Evidence Action,$15200000,2017-11-01,https://blog.givewell.org/2017/11/27/our-top-charities-for-giving-season-2017/#rfmf,Deworming,,"India,Kenya,Pakistan"
Top Charities Fund grant August 2017,Against Malaria Foundation,$2500000,2017-08-01,https://blog.givewell.org/2017/04/03/allocation-of-discretionary-funds/,"Malaria,Insecticide-treated nets (ITNs)",,
Centre for Pesticide Suicide Prevention—General Support,University of Edinburgh,$1336409,2017-08-01,https://www.givewell.org/research/incubation-grants/centre-pesticide-suicide-prevention/august-2017-grant,"Policy,Suicide prevention",,"India,Nepal"
Top Charities Fund grant August and September 2017,Evidence Action,$2300000,2017-08-01,https://blog.givewell.org/2017/08/30/why-were-allocating-discretionary-funds-to-the-deworm-the-world-initiative/,Deworming,,
Center for Effective Global Action at UC Berkeley—Scoping RCTs for Long-Term Fol,"University of California, Berkeley",$492188,2017-07-01,https://www.givewell.org/research/incubation-grants/cega-uc-berkeley/july-2017-grant,Research,,
Charity Science Health—SMS Reminders for Immunization,Charity Science Health,$357543,2017-07-01,https://www.givewell.org/charities/charity-science/charity-science-health/july-2017-grant,"SMS reminders,Vaccines",,India
Center for Effective Global Action at UC Berkeley—Deworming Study Planning Gift,"University of California, Berkeley",$18000,2017-06-01,https://www.givewell.org/research/incubation-grants/cega-uc-berkeley/june-2017-grant,Deworming,,Tanzania
IDinsight—Embedded GiveWell Team (May 2017),ID Insight Inc,$2321617,2017-05-01,https://www.givewell.org/charities/IDinsight/may-2017-grant,,,
Top Charities Fund grant April 2017,Evidence Action,$500000,2017-04-01,https://blog.givewell.org/2017/04/03/allocation-of-discretionary-funds/,Deworming,,
Evidence Action—Strengthen Operations,Evidence Action,$2642300,2017-04-01,https://www.givewell.org/charities/evidence-action/april-2017-grant,Organizational support,,
UC Berkeley—KLPS-4 Survey,"University of California, Berkeley",$1104259,2017-04-01,https://www.givewell.org/research/incubation-grants/uc-berkeley/april-2017-grant,Deworming,,Kenya
New Incentives—General Support (April 2017),New Incentives,$820000,2017-04-01,https://www.givewell.org/charities/new-incentives/april-2017-grant,"Conditional cash transfers (CCTs),Incentives,Vaccines",,Nigeria
Top Charities Fund grant April 2017,Against Malaria Foundation,$2100000,2017-04-01,https://blog.givewell.org/2017/04/03/allocation-of-discretionary-funds/,"Malaria,Insecticide-treated nets (ITNs)",,
"Georgetown University Initiative on Innovation, Development, and Evaluation—Zush",Georgetown University,$900000,2017-01-01,https://www.givewell.org/charities/gui2de/january-2017-grant,"Infrastructure,Policy",,"Kenya,Rwanda,Tanzania,Uganda"
Top Charities Fund grant December 2016,Against Malaria Foundation,$500000,2016-12-01,,"Malaria,Insecticide-treated nets (ITNs)",,
Evidence Action—No Lean Season (Dec 2016),Evidence Action,$1687500,2016-12-01,https://www.givewell.org/charities/evidence-action/december-2016-grant,"Livelihoods,Migration",,"Bangladesh,Indonesia"
New Incentives—Exit Grant and Immunizations Pilot,New Incentives,$368587,2016-11-01,https://www.givewell.org/charities/new-incentives/november-2016-grant,"Conditional cash transfers (CCTs),Incentives,Vaccines",,Nigeria
Charity Science Health—General Support,Charity Science Health,$200000,2016-11-01,https://www.givewell.org/charities/charity-science/charity-science-health/november-2016-grant,"SMS reminders,Vaccines",,India
IDinsight—Embedded GiveWell Team,ID Insight Inc,$314752,2016-10-01,https://www.givewell.org/charities/IDinsight/october-2016-grant,,,
Top Charities Fund grant September 2016,Against Malaria Foundation,$300000,2016-09-01,,"Malaria,Insecticide-treated nets (ITNs)",,
Top Charities Fund grant June 2016,Against Malaria Foundation,$200000,2016-06-01,,"Malaria,Insecticide-treated nets (ITNs)",,
IDinsight—General Support (June 2016),ID Insight Inc,$1985000,2016-06-01,https://www.givewell.org/charities/IDinsight/june-2016-grant,Organizational support,,
Innovations for Poverty Action—Mindset Engagement in Cash Transfers,Innovations for Poverty Action,$350000,2016-05-01,https://www.givewell.org/international/charities/ipa/may-2016-grant,"Cash transfers,Incentives,Livelihoods,Research,Unconditional cash transfers",,
Results for Development—Childhood Pneumonia Treatment Scale-Up,Results for Development Institute Inc,$6400000,2016-05-01,https://www.givewell.org/charities/results-for-development/may-2016-grant,Antibiotics,,Tanzania
Top Charities Fund grant April 2016,Against Malaria Foundation,$1000000,2016-04-01,,"Malaria,Insecticide-treated nets (ITNs)",,
New Incentives—General Support (March 2016),New Incentives,$300000,2016-03-01,https://www.givewell.org/charities/new-incentives/march-2016-grant,"Conditional cash transfers (CCTs),Incentives,Vaccines",,Nigeria
Evidence Action—No Lean Season,Evidence Action,$812351,2016-03-01,https://www.givewell.org/evidence-action/march-2016-grant,"Livelihoods,Migration",,Bangladesh
Top Charities Fund grant February 2016,Against Malaria Foundation,$1600000,2016-02-01,,"Malaria,Insecticide-treated nets (ITNs)",,
Top Charities Fund grant January 2016,Against Malaria Foundation,$800000,2016-01-01,,"Malaria,Insecticide-treated nets (ITNs)",,
Top Charities Fund grant December 2015,Against Malaria Foundation,$600000,2015-12-01,,"Malaria,Insecticide-treated nets (ITNs)",,
J-PAL and IRD—Incentives for Immunization Studies,Massachusetts Institute of Technology,$200000,2015-09-01,https://www.givewell.org/JPAL-IRD-grant,"Incentives,Research,Vaccines",,"India,Pakistan"
Top Charities Fund grant July 2015,Evidence Action,$67000,2015-07-01,,Deworming,,
Top Charities Fund grant July 2015,GiveDirectly,$133000,2015-07-01,,"Cash transfers,Incentives,Livelihoods,Unconditional cash transfers",,
Top Charities Fund grant July 2015,Against Malaria Foundation,$667000,2015-07-01,,"Malaria,Insecticide-treated nets (ITNs)",,
Top Charities Fund grant July 2015,Unlimit Health (formerly SCI Foundation),$133000,2015-07-01,,Deworming,,
New Incentives—General Support (March 2015),New Incentives,$100000,2015-03-01,http://www.goodventures.org/our-portfolio/grants/new-incentives-general-support,"Conditional cash transfers (CCTs),Incentives,Vaccines",,Nigeria
Top Charities Fund grant March 2015,Evidence Action,$147400,2015-03-01,,Deworming,,
Top Charities Fund grant March 2015,Unlimit Health (formerly SCI Foundation),$292600,2015-03-01,,Deworming,,
Top Charities Fund grant March 2015,Against Malaria Foundation,$1467400,2015-03-01,,"Malaria,Insecticide-treated nets (ITNs)",,
Evidence Action—Future Programs (No Lean Season) (March 2015),Evidence Action,$170792,2015-03-01,https://www.givewell.org/evidence-action/march-2014-grant,"Livelihoods,Migration",,Bangladesh
Top Charities Fund grant March 2015,GiveDirectly,$292600,2015-03-01,,"Cash transfers,Incentives,Livelihoods,Unconditional cash transfers",,
Top Charities Fund grant December 2014,GiveDirectly,$13300,2014-12-01,,"Cash transfers,Incentives,Livelihoods,Unconditional cash transfers",,
Top Charities Fund grant December 2014,Against Malaria Foundation,$66700,2014-12-01,,"Malaria,Insecticide-treated nets (ITNs)",,
Top Charities Fund grant December 2014,Unlimit Health (formerly SCI Foundation),$13300,2014-12-01,,Deworming,,
Top Charities Fund grant December 2014,Evidence Action,$6700,2014-12-01,,Deworming,,
IDinsight—Scaling Up a High-Potential Development Intervention,ID Insight Inc,$34382,2014-09-01,https://www.givewell.org/charities/IDinsight/september-2014-grant,"Incentives,Vaccines",,
Top Charities Fund grant August 2014,GiveDirectly,$60000,2014-08-01,,"Cash transfers,Deworming,Incentives,Unconditional cash transfers",,
Top Charities Fund grant August 2014,Unlimit Health (formerly SCI Foundation),$20000,2014-08-01,,Deworming,,
Top Charities Fund grant August 2014,Evidence Action,$20000,2014-08-01,,Deworming,,
Top Charities Fund grant May 2014,Unlimit Health (formerly SCI Foundation),$80000,2014-05-01,,Deworming,,
Top Charities Fund grant May 2014,Evidence Action,$10000,2014-05-01,,Deworming,,
Top Charities Fund grant May 2014,GiveDirectly,$110000,2014-05-01,,"Cash transfers,Deworming,Incentives,Unconditional cash transfers",,
Evidence Action—Future Programs (No Lean Season) (March 2014),Evidence Action,$250000,2014-03-01,https://www.givewell.org/evidence-action/march-2014-grant,"Livelihoods,Migration",,Bangladesh
New Incentives—General Support (Jan 2014),New Incentives,$100000,2014-01-01,https://www.givewell.org/international/charities/new-incentives,"Conditional cash transfers (CCTs),Incentives,Vaccines",,Nigeria